sigma,N,alpha,functional_form,sigma_query_mult,mu_push_mean,mu_push_sd,mu_push_p25,mu_push_p975,mu_pull_mean,mu_pull_sd,mu_pull_p25,mu_pull_p975,mu_alpha_mean,cohens_d,ratio_push_pull,n_trials
0.1,100,0.0,quadratic,0.01,0.16005566713680633,0.008052659338217562,0.1443734642086694,0.17664653265164518,7.999116501642103e-06,4.0849939357830196e-07,7.225369005218967e-06,8.832436605027281e-06,0.16005566713680633,28.10768131902251,20009.16815050127,10000
0.1,100,0.0,quadratic,0.1,0.1599682958783742,0.008049045670693178,0.1443802872686441,0.1760377979678276,0.0007996543563456363,3.9765305484144135e-05,0.0007237614476578717,0.0008799440243147976,0.1599682958783742,27.965514643719565,200.04680098213677,10000
0.1,100,0.0,quadratic,0.3,0.16012280363048773,0.008009402025255163,0.14450945053279612,0.17574355930517652,0.007197255147698651,0.0003601709203569522,0.006522561240080047,0.007915520555486525,0.16012280363048773,26.974679088903066,22.24775978404595,10000
0.1,100,0.0,l1,0.01,0.9025378600845586,0.02418258512566073,0.8551199136572339,0.9500563896137763,0.00638285302074002,0.0001693147130279068,0.006057183046192795,0.006718928627317674,0.9025378600845586,52.406452656461795,141.4003827366715,10000
0.1,100,0.0,l1,0.1,0.9026706445266682,0.02410657356310457,0.8561464723006569,0.950526973172725,0.06381838911612592,0.0016994719668102477,0.06051751759656227,0.06711203544734091,0.9026706445266682,49.08948077747416,14.144365864267442,10000
0.1,100,0.0,l1,0.3,0.9028028087186418,0.024134657172261913,0.8553514855287765,0.9509423162569186,0.191423805584041,0.005064981677394472,0.1816393777895901,0.20143647098449935,0.9028028087186418,40.79583109924277,4.716251492149357,10000
0.1,100,0.0,log_quadratic,0.01,0.1461846906749661,0.006683723278086526,0.13320603314189208,0.15925010593832917,8.003111934417067e-06,3.9901156529826755e-07,7.2386346661812276e-06,8.799291981203325e-06,0.1461846906749661,30.929624864004843,18265.98101749703,10000
0.1,100,0.0,log_quadratic,0.1,0.14613038373558665,0.006832387625076438,0.13285025152984778,0.15994089006835996,0.0007987145773802524,3.96381824198278e-05,0.0007220857788628928,0.0008782981106570898,0.14613038373558665,30.081220521016014,182.9569509234296,10000
0.1,100,0.0,log_quadratic,0.3,0.14606716453174748,0.006639612136443974,0.1334307473355095,0.15919825377731459,0.0071684404606015,0.00035708607853571244,0.006487756298234372,0.00789034853062535,0.14606716453174748,29.542236527333174,20.37642152913844,10000
0.1,100,0.2,quadratic,0.01,0.1599601593927792,0.008088885298928268,0.14473286157228626,0.17627681075683235,7.996727367751105e-06,3.987503612753802e-07,7.22630593666855e-06,8.784978945937562e-06,0.1279697268596969,27.965103860163612,20003.20281492406,10000
0.1,100,0.2,quadratic,0.1,0.16008990240161997,0.008066919495765651,0.14441725459107224,0.17594060743058507,0.0008007628734854426,4.000766777475357e-05,0.0007250303500511151,0.0008823723092744265,0.12823207449599303,27.92467325731938,199.9217342642326,10000
0.1,100,0.2,quadratic,0.3,0.16009286353933333,0.007947616919359336,0.14448510357106015,0.17596959040513246,0.007199480983934875,0.00036156497756046344,0.0065157800644328094,0.007927451991495736,0.12951418702825362,27.17801942693702,22.23672288274239,10000
0.1,100,0.2,l1,0.01,0.9029405174395508,0.024147080203003025,0.8560507984711171,0.9508382294174532,0.006384644815911561,0.00017263249193822722,0.00605349274656375,0.006729283845871441,0.723629342914823,52.50693096627042,141.4237664700279,10000
0.1,100,0.2,l1,0.1,0.9026972670540688,0.024109771351916894,0.855510156577963,0.9499077592589825,0.06382302572465849,0.0017132415967660369,0.06044839651123749,0.06725642155628055,0.7349224187881869,49.08231434878082,14.14375543629711,10000
0.1,100,0.2,l1,0.3,0.9027966688715103,0.024102516852725908,0.8554666852805995,0.9500034129156706,0.19151264935550627,0.005103522032248587,0.18165239038574504,0.20170016364871657,0.7605398649683097,40.8292911818302,4.714031537392826,10000
0.1,100,0.2,log_quadratic,0.01,0.14626290040646311,0.006736647376273583,0.13335933168566005,0.1599287213537846,8.000817573936824e-06,3.992064366068994e-07,7.234197085832621e-06,8.807197671664502e-06,0.11701192048868529,30.70305608208495,18280.99429274877,10000
0.1,100,0.2,log_quadratic,0.1,0.1460443182268459,0.006755933631861351,0.1331767720994032,0.15969850698024005,0.000799700188789226,3.9807709921740386e-05,0.000723452742453019,0.0008799026757702756,0.1169953946192346,30.403398589255403,182.6238386262758,10000
0.1,100,0.2,log_quadratic,0.3,0.1460117064910323,0.006742151130731838,0.13293994774209575,0.1591943018552364,0.007170841256484497,0.0003573000610103367,0.006469909780559546,0.007886368663822326,0.11824353344412271,29.08203749326847,20.361865681937367,10000
0.1,100,0.4,quadratic,0.01,0.15999195235799846,0.007990000684528238,0.14465934187908172,0.17639838453354137,8.006088776882558e-06,3.9998748597279633e-07,7.236392822356459e-06,8.793631076701039e-06,0.09599837385030982,28.316826897212657,19983.784444156106,10000
0.1,100,0.4,quadratic,0.1,0.16009502083481858,0.007958839236225795,0.14492189222414684,0.17628759704415353,0.0008000530015445337,3.9859784349653104e-05,0.0007220109281172866,0.0008782047627187658,0.09637703370150895,28.304916337734017,200.10551866657443,10000
0.1,100,0.4,quadratic,0.3,0.1601607500765343,0.00788006695109373,0.1449204131296375,0.1759373865294555,0.007206408133823031,0.00035814137509039985,0.00651944026425745,0.007923303477443857,0.09897901329944982,27.421980682878004,22.224768164992664,10000
0.1,100,0.4,l1,0.01,0.9026058623564204,0.02416857410080612,0.85561200014333,0.9499457729595627,0.006381680961951027,0.00017169151834086998,0.006050012800617024,0.006720413368914508,0.5441161897986326,52.44084350167092,141.43700817041048,10000
0.1,100,0.4,l1,0.1,0.9025982480289809,0.023977541602703704,0.8563834636512497,0.9508485476693328,0.0638199888108477,0.0017281096879990187,0.06046470076960585,0.06717610306288463,0.5670869443417276,49.343787871686835,14.142876939451346,10000
0.1,100,0.4,l1,0.3,0.9026619114444504,0.02437973695596211,0.8561035296471055,0.9509792307334602,0.1914128074343389,0.005129338812382266,0.18131156340791255,0.20167631826277058,0.6181622698404057,40.374045015853575,4.71578638620665,10000
0.1,100,0.4,log_quadratic,0.01,0.1461375294636966,0.00672135188570021,0.13323684117627554,0.15948431908987087,7.995348940684297e-06,4.030639932168623e-07,7.2203516220507995e-06,8.801144569306968e-06,0.08768571581779422,30.746548038413856,18277.817584680568,10000
0.1,100,0.4,log_quadratic,0.1,0.1461318488072902,0.00674370264792091,0.13321371223889564,0.159515615673241,0.0007989097355148987,3.9632904163247124e-05,0.0007238031112530853,0.0008788500525747614,0.08799867317858007,30.477065025387073,182.91409193193516,10000
0.1,100,0.4,log_quadratic,0.3,0.1461870841415,0.006763333822778628,0.13312066616231932,0.15974976800889037,0.007166967624249992,0.00035666801708496943,0.006490358572358912,0.007872636375953344,0.0905790375346,29.02877879833887,20.397341219578646,10000
0.1,100,0.6,quadratic,0.01,0.15999421288252033,0.008107998179095258,0.14465026321948116,0.1763333435571508,7.997591586188851e-06,3.9821076472656155e-07,7.240056326062554e-06,8.796351892297573e-06,0.06400248370795986,27.905121607902394,20005.29924018832,10000
0.1,100,0.6,quadratic,0.1,0.16011472105910493,0.008037398554925523,0.14489035896084115,0.17607467219306283,0.0007997625133164671,3.986014705497605e-05,0.0007245488698534924,0.0008782809393415202,0.06452574593163185,28.031782035347767,200.20283320749658,10000
0.1,100,0.6,quadratic,0.3,0.16004810979367867,0.008014657626816921,0.14436238305129326,0.17593147346145788,0.007201395185069343,0.00036037916513762745,0.006517586341183708,0.007934119710371904,0.06834008102851306,26.943098253810764,22.224597550972696,10000
0.1,100,0.6,l1,0.01,0.902927089830015,0.02415023960938012,0.856495499778091,0.9507175212263403,0.0063830647906077485,0.00016773311719438307,0.006056689413228655,0.00672001100008918,0.36500067480637066,52.49944348838449,141.45667002450165,10000
0.1,100,0.6,l1,0.1,0.9022804367935725,0.02409433570810026,0.8551843036227097,0.9512217473658597,0.06380455818265102,0.0017139113739298062,0.06047584008352954,0.0671695827227298,0.3991949096270196,49.09018048589312,14.141316271020116,10000
0.1,100,0.6,l1,0.3,0.9024318286949623,0.02409210111568408,0.855353770430895,0.9496106247478637,0.1914634379049524,0.005080698933914891,0.18159496150776,0.20148287988175648,0.47585079422095644,40.835885751131094,4.713337640698553,10000
0.1,100,0.6,log_quadratic,0.01,0.14610357994952947,0.0067244298665789575,0.13319587421723367,0.159728513115521,8.000894123352458e-06,4.00437066938973e-07,7.232725596703885e-06,8.820665762548576e-06,0.05844623251628579,30.725333304975432,18260.906555817608,10000
0.1,100,0.6,log_quadratic,0.1,0.14609016457784077,0.006727464799114009,0.13330096407358707,0.15959673167100094,0.000799316829766963,3.976969484070688e-05,0.0007230999761414548,0.0008782772595310951,0.05891565592899649,30.541772175955952,182.76878346278866,10000
0.1,100,0.6,log_quadratic,0.3,0.1461836264713163,0.006707214015445187,0.13314400846823035,0.15941131930066468,0.007161610979084397,0.0003541191286616716,0.006490883758838274,0.007871535479114391,0.06277041717597716,29.271970506382047,20.412114941491236,10000
0.1,100,0.8,quadratic,0.01,0.15988288167887255,0.007934471770158115,0.14465551823936,0.17586056579171275,8.001906141667978e-06,4.0150781442490064e-07,7.233170620210481e-06,8.804496638448036e-06,0.031982977860687836,28.49556082841534,19980.599478206994,10000
0.1,100,0.8,quadratic,0.1,0.1598376627524024,0.00803146255065862,0.14445202642611638,0.1758900614479424,0.0007995140300442902,4.022281514829973e-05,0.0007230431832658447,0.0008804867496565472,0.03260714377451591,28.00375210483763,199.91852143426175,10000
0.1,100,0.8,quadratic,0.3,0.16009661823780638,0.008001648284236369,0.14468113467475852,0.17642901304864414,0.00719700018198836,0.00035946129510454095,0.006504073683173301,0.00790985161682538,0.037776923793151965,26.996294338020224,22.244909571973288,10000
0.1,100,0.8,l1,0.01,0.9024140149215211,0.024061869147529925,0.8555043331089216,0.9495917874022599,0.006382096139963637,0.00017008057228310545,0.006053804967615298,0.006710717411614795,0.18558847989627508,52.6621115362262,141.39774693626956,10000
0.1,100,0.8,l1,0.1,0.9027688606205971,0.02379085138749588,0.857019712249939,0.949887242139993,0.0638158654641276,0.0017283819594798874,0.060457990468471626,0.06718202131612373,0.23160646449542147,49.73928974013334,14.146464269579871,10000
0.1,100,0.8,l1,0.3,0.9026868146617449,0.024088723573563203,0.8559011107842779,0.9500466901032623,0.1914189806407352,0.005139749692907094,0.1815191010245835,0.20160474664170788,0.33367254744493713,40.838241049866234,4.715764401420323,10000
0.1,100,0.8,log_quadratic,0.01,0.14613713796157696,0.006682688509680501,0.13336042091780842,0.15917160727454563,7.998878228267509e-06,3.9890672224694005e-07,7.254149106223662e-06,8.804559535697378e-06,0.029233826694897994,30.924351730898604,18269.704049892636,10000
0.1,100,0.8,log_quadratic,0.1,0.1461909821059869,0.006753751210360669,0.1333281017129925,0.15954139965387212,0.0007992749074414411,4.0266294753571916e-05,0.000722547924081948,0.0008797002287581497,0.029877616347150523,30.444010070110384,182.90450600277052,10000
0.1,100,0.8,log_quadratic,0.3,0.14615397856585524,0.0067498695763041645,0.13342662917233664,0.15972737995503833,0.0071672063803370125,0.00036190299431674726,0.006476199981740371,0.007895265754841731,0.03496456081744064,29.078349115278005,20.392042702554754,10000
0.1,100,1.0,quadratic,0.01,0.15994434912192068,0.007944500443096024,0.14476627158829278,0.17575486176283045,8.005317842945592e-06,3.983179099930601e-07,7.24159811766395e-06,8.813201967507463e-06,8.005317842945592e-06,28.47053101197378,19979.762485366657,10000
0.1,100,1.0,quadratic,0.1,0.15995163520672892,0.008084593243572918,0.14472270877222598,0.17615804745495425,0.000800226962381058,3.992876169553895e-05,0.000722734180924429,0.0008801392760020922,0.000800226962381058,27.83953728105222,199.88283665273698,10000
0.1,100,1.0,quadratic,0.3,0.16000689275131502,0.008006927415981082,0.14441582672828662,0.1756616663320078,0.007200248605505661,0.00035658725605359587,0.006514046187751562,0.007920331168616603,0.007200248605505661,26.96255794251098,22.222412241289273,10000
0.1,100,1.0,l1,0.01,0.9025168574646457,0.024188581659490258,0.8559102454145975,0.9506835363512625,0.006384924101927129,0.00017074867589600193,0.006057594978793018,0.006722622240235421,0.006384924101927129,52.3920905042504,141.35122721227705,10000
0.1,100,1.0,l1,0.1,0.9024576252266892,0.023996711306368827,0.8557658580372225,0.9497910413236854,0.06382304621541952,0.0017324098474542269,0.06049591174449658,0.06722833540832777,0.06382304621541952,49.29549380347481,14.139996110192827,10000
0.1,100,1.0,l1,0.3,0.9026142840381963,0.024113809184640147,0.8555539808338768,0.9496031589528793,0.19150664440903417,0.005170584395958954,0.1815502683820134,0.20172042350307318,0.19150664440903417,40.77775395875869,4.7132269839699426,10000
0.1,100,1.0,log_quadratic,0.01,0.14611134139674403,0.006681010770299804,0.1331799397380942,0.1591995227997252,7.999651622007838e-06,4.033414183991104e-07,7.2300414744231596e-06,8.824389604545632e-06,7.999651622007838e-06,30.926656778638126,18264.71305260059,10000
0.1,100,1.0,log_quadratic,0.1,0.14627947364277594,0.006745120878301656,0.13327682087860265,0.15962041366949584,0.000799301572043623,4.0332576850013604e-05,0.0007229653889029298,0.0008800783077517779,0.000799301572043623,30.501507404913813,183.00911540655963,10000
0.1,100,1.0,log_quadratic,0.3,0.1461237490300346,0.0067454136452142705,0.13297467439491636,0.1594573832943749,0.0071678912860890275,0.00035129732638111656,0.006500052648005534,0.007874022217788471,0.0071678912860890275,29.09344208430784,20.385876849670137,10000
0.1,500,0.0,quadratic,0.01,0.16002689149628785,0.003585279998394599,0.15314698403226237,0.16732600039576764,8.002130080172718e-06,1.8037497560487545e-07,7.651153472922029e-06,8.35591571187495e-06,0.16002689149628785,63.11944489482261,19998.036759336686,10000
0.1,500,0.0,quadratic,0.1,0.15997200036999543,0.003530680771754434,0.15318544458170952,0.16705950316568816,0.0007999770489321176,1.8036582441576673e-05,0.0007650798486596374,0.0008354813301425007,0.15997200036999543,63.75549404605428,199.9707373899547,10000
0.1,500,0.0,quadratic,0.3,0.16002325596618422,0.0035958542778713244,0.15306470956554385,0.16723355413213142,0.0072006029368947115,0.00016051002879739315,0.0068916509080853856,0.007517607921254588,0.16002325596618422,60.04383347475222,22.22359118654512,10000
0.1,500,0.0,l1,0.01,0.9027454422642012,0.010887020492559457,0.8811230983637899,0.924376664300844,0.00638326909710878,7.719812095870603e-05,0.006234161233836283,0.006535109159072939,0.9027454422642012,116.43366295598926,141.42368565866795,10000
0.1,500,0.0,l1,0.1,0.9027619674036552,0.010665418784570311,0.8822523553165408,0.92355681785789,0.06384894275315166,0.0007665995096149632,0.062379942480671365,0.065358881948894,0.9027619674036552,110.95198028697727,14.139027656164187,10000
0.1,500,0.0,l1,0.3,0.9026275087762058,0.010721504095332587,0.8820759180050691,0.9235877379459515,0.19146400229666022,0.0023125504548023993,0.18696256161359942,0.19595075561233738,0.9026275087762058,91.6968216756185,4.714345767083919,10000
0.1,500,0.0,log_quadratic,0.01,0.14607700928689532,0.0030313922474286326,0.1402691128345509,0.15211262211684512,7.999783909921592e-06,1.791872631877947e-07,7.64522155561722e-06,8.352604181533863e-06,0.14607700928689532,68.1445214144961,18260.119389690746,10000
0.1,500,0.0,log_quadratic,0.1,0.14615033690422902,0.003004170642847995,0.1404003946217952,0.15212166504892022,0.000799813562252122,1.7777484825606273e-05,0.0007656958966759094,0.0008356299756034282,0.14615033690422902,68.42257209968237,182.73050596028605,10000
0.1,500,0.0,log_quadratic,0.3,0.1460925555686045,0.0030203410262783052,0.14030505324593429,0.15211717405300487,0.00716704579542319,0.00016113957587076712,0.0068603999468318305,0.007488177059448295,0.1460925555686045,64.95667857320346,20.383929409506198,10000
0.1,500,0.2,quadratic,0.01,0.15995154365492978,0.0036013171951268575,0.15298639846499518,0.16707329518413122,8.002485504226986e-06,1.769610307193208e-07,7.660504244527978e-06,8.35328291182265e-06,0.12796283542104467,62.80877595808022,19987.733007506467,10000
0.1,500,0.2,quadratic,0.1,0.15998408623202215,0.0035607595881096818,0.15318297736052458,0.1670188337632305,0.0007998333444828456,1.773207063195209e-05,0.0007654863400920787,0.0008347721339596997,0.12814723565451427,63.22183018900787,200.02177620572232,10000
0.1,500,0.2,quadratic,0.3,0.1599444182449888,0.003571470978857944,0.15308849452850787,0.16703381568034723,0.007203528110518465,0.00016141141937311211,0.006880503742939655,0.007513760215466581,0.12939624021809476,60.41991448330928,22.203622418220426,10000
0.1,500,0.2,l1,0.01,0.9027332053475333,0.01080078679074791,0.8819255568750285,0.9239791495128129,0.00638287223068117,7.6497157152135e-05,0.006234551028371836,0.0065340363056430725,0.7234631387241629,117.36172833280655,141.43056177879893,10000
0.1,500,0.2,l1,0.1,0.9025631693916463,0.010826243251786686,0.8813876332198051,0.924267715543395,0.06383136269476389,0.00076118693882518,0.06233816860455287,0.06533379965357623,0.7348168080522698,109.29228986561479,14.139807318662866,10000
0.1,500,0.2,l1,0.3,0.9026400746162282,0.01077264899022574,0.8819023613176876,0.9238412888663026,0.19147629676536562,0.002288536091813525,0.1870375369860772,0.19601965445002786,0.7604073190460557,91.3223014903491,4.7141086905515,10000
0.1,500,0.2,log_quadratic,0.01,0.14612299248866215,0.0030084429816737953,0.14033737883042682,0.1521489503574432,7.997546412038183e-06,1.7902730420325026e-07,7.650858948902827e-06,8.351743375242612e-06,0.11689999350021214,68.68596426998371,18270.97774246271,10000
0.1,500,0.2,log_quadratic,0.1,0.14612852123231881,0.0030177161589097475,0.14021863159834322,0.15218862028713956,0.0007997923505346706,1.8125903819663483e-05,0.0007646601541315511,0.0008358589103957763,0.11706277545596201,68.10519650718277,182.70807558315627,10000
0.1,500,0.2,log_quadratic,0.3,0.14612772328853335,0.003013505485192545,0.1403178976786222,0.1519978212263393,0.00716903497102785,0.0001592841876799279,0.0068576409585366935,0.007484994175550121,0.11833598562503225,65.12127410883872,20.383179030242967,10000
0.1,500,0.4,quadratic,0.01,0.1600192163646328,0.0035639298815955656,0.15315203474479758,0.16703673399075442,8.003201938501458e-06,1.8068528936891445e-07,7.651825064657301e-06,8.357229079605825e-06,0.09601473109955506,63.494522904116714,19994.399440906178,10000
0.1,500,0.4,quadratic,0.1,0.1599557412875979,0.0035981208478814432,0.15298851445870906,0.16702377196778442,0.0008000732098616892,1.792028432555341e-05,0.000765467135119537,0.0008353591925264934,0.09629347405650342,62.55412820793124,199.92638088113196,10000
0.1,500,0.4,quadratic,0.3,0.16003643407596338,0.0035629301128016076,0.15312139001554792,0.16709319376574056,0.007200320649046024,0.0001621223537723709,0.006887847039045913,0.007518607591118825,0.09890198870519644,60.60166340698282,22.226292671725215,10000
0.1,500,0.4,l1,0.01,0.9028717791527661,0.010926145782432636,0.8817548043930902,0.924391775170905,0.00638333906390886,7.619560061574537e-05,0.006233813306814827,0.006532904784391999,0.5442764031172231,116.03316559496508,141.44192719725112,10000
0.1,500,0.4,l1,0.1,0.9027916456172026,0.010778355307891726,0.8816165200800209,0.9239009015468932,0.06382119090422131,0.0007651941950511087,0.06232570937709386,0.06533429509586726,0.5672034637320101,109.80382673391175,14.145640857314204,10000
0.1,500,0.4,l1,0.3,0.902833687587783,0.010748777862226633,0.8817439373718085,0.9239311315610319,0.19147688553141565,0.002308336875925987,0.18693530954616924,0.19590218258224462,0.6182909667652361,91.50669009066416,4.715105351134693,10000
0.1,500,0.4,log_quadratic,0.01,0.14615773834042955,0.0029664016810952453,0.14035521029680795,0.15197575541238972,7.997869858079055e-06,1.7836224179021469e-07,7.65248316729044e-06,8.351134793372568e-06,0.08769784215220099,69.6759801797506,18274.583224530492,10000
0.1,500,0.4,log_quadratic,0.1,0.14617219538036483,0.0029808283755014963,0.1403924245679272,0.15201070844739598,0.0007995146353606119,1.781016423651489e-05,0.000765484215517371,0.0008350450486953357,0.08802312308236314,68.96886409269092,182.82616592057198,10000
0.1,500,0.4,log_quadratic,0.3,0.14610977924149784,0.0030017151567038923,0.14019280757113362,0.15206118820535805,0.007168098322863349,0.0001583282493178867,0.006861188732881619,0.0074804479724387765,0.09053310687404405,65.36944153806336,20.38333915921137,10000
0.1,500,0.6,quadratic,0.01,0.16004323035434811,0.0035577572083242714,0.15313213206845258,0.16699749714160458,7.997397634249996e-06,1.8037827986772496e-07,7.647344504901455e-06,8.350005471057418e-06,0.06402209058031978,63.61423317040819,20011.913584106427,10000
0.1,500,0.6,quadratic,0.1,0.15996948215610432,0.0035969430345728194,0.1529620639965485,0.16711752685310263,0.0007998407852109594,1.7933783812898097e-05,0.0007650215213846183,0.0008357091254047545,0.06446769733356832,62.58010360440297,200.00165672210886,10000
0.1,500,0.6,quadratic,0.3,0.16002374883062384,0.0035887694106790722,0.1530284499716717,0.16705124343636812,0.007204123699546187,0.00015875469303598664,0.0068922357465033245,0.007522909871319795,0.06833197375197725,60.16224855812518,22.212798600432734,10000
0.1,500,0.6,l1,0.01,0.9026877777496757,0.01083011755853207,0.8814975045466027,0.9238652576883836,0.006381976049044941,7.677740083427263e-05,0.006233271935081877,0.0065304686752795955,0.3649042967292972,117.03806194015053,141.44330389405997,10000
0.1,500,0.6,l1,0.1,0.9026601558055236,0.010763706116668728,0.8817526843733055,0.9237952717328672,0.06383514863729185,0.0007647724120267686,0.06235543876487948,0.06533687029161828,0.3993651515045845,109.93375940745572,14.14048803950303,10000
0.1,500,0.6,l1,0.3,0.9026574174374166,0.010802247989305505,0.881430965674663,0.9238345508223015,0.19150446846400282,0.00228151529160364,0.18700884263942155,0.19592739875737722,0.4759656480533683,91.09343391013361,4.71350577183576,10000
0.1,500,0.6,log_quadratic,0.01,0.1461806271509113,0.0030018319490559653,0.14042423276094135,0.15218032846413537,8.000137662917554e-06,1.8021418759550883e-07,7.653787583343533e-06,8.35568891877273e-06,0.05847705094296229,68.86438505071023,18272.263967217907,10000
0.1,500,0.6,log_quadratic,0.1,0.14613638765454592,0.0029901789432297985,0.14032408910281444,0.152044985148072,0.0007995291605321144,1.778963022389123e-05,0.0007656436093993684,0.0008346472078951809,0.05893427255813765,68.73626057726732,182.7780584729231,10000
0.1,500,0.6,log_quadratic,0.3,0.14612597842440844,0.00298024484979465,0.14038260150407167,0.1520141160396596,0.007169499987317295,0.0001599988196655452,0.006856682377097909,0.007485463400468575,0.06275209136215375,65.84410236546873,20.38161359688994,10000
0.1,500,0.8,quadratic,0.01,0.16005126930350383,0.003558774816312028,0.15315981866707218,0.16699381299881136,8.000066073503752e-06,1.7865856812854334e-07,7.660632752516727e-06,8.352535462926146e-06,0.03201665391355957,63.599236624766846,20006.243427612957,10000
0.1,500,0.8,quadratic,0.1,0.15999033886136446,0.00359645964386086,0.15312871982477907,0.1670836314297892,0.0008001180831493392,1.7974027041660958e-05,0.0007650703298539735,0.0008360368959917213,0.03263816223879236,62.596603338712484,199.95840892837666,10000
0.1,500,0.8,quadratic,0.3,0.16002211733417498,0.0035335917422280837,0.15315278363780152,0.1670312146386123,0.007198632119473083,0.00016007073882871062,0.006885547743119176,0.007512777751112288,0.037763329162413456,61.10033375402434,22.22951731361542,10000
0.1,500,0.8,l1,0.01,0.9028622967825948,0.010683998925245146,0.881996163316143,0.9242933694852455,0.006382360524789524,7.613282809236742e-05,0.0062322302854569975,0.006533234205110745,0.18567834777635053,118.6617394635269,141.46212726088035,10000
0.1,500,0.8,l1,0.1,0.9027248830928088,0.010721555520302994,0.8816501080251985,0.9235340315217513,0.06382352225970775,0.0007629281485712802,0.06233618947515952,0.0653116365032706,0.23160379442632792,110.37515970527338,14.144078094271924,10000
0.1,500,0.8,l1,0.3,0.9028017584202663,0.010749225549167187,0.8819187907933446,0.9242735641873808,0.1914691268450219,0.002285400538446642,0.18696133564148276,0.19595523652480698,0.3337356531600708,91.5398432662697,4.7151296571744865,10000
0.1,500,0.8,log_quadratic,0.01,0.1461387996090821,0.003019318185049437,0.14032875632037722,0.15216898181775446,8.000201986956959e-06,1.7921056519340352e-07,7.65802029970445e-06,8.360203343636992e-06,0.029234160083405975,68.44596871612033,18266.8887419765,10000
0.1,500,0.8,log_quadratic,0.1,0.14615345767227914,0.002983761629994767,0.14043487654285475,0.152029531992453,0.0007995919414731757,1.7871625792093345e-05,0.0007651343591915023,0.000835545824693337,0.02987036508763436,68.89213902588007,182.78505584111394,10000
0.1,500,0.8,log_quadratic,0.3,0.1461597827337219,0.0030046229669566994,0.14024898436329894,0.15207565506634904,0.007167455147969347,0.00015957283537752117,0.006860210169915336,0.007480617610827784,0.03496592066511985,65.32873136566387,20.392144731471568,10000
0.1,500,1.0,quadratic,0.01,0.15999011367068314,0.0035776288776367795,0.15287974949109268,0.16698925070304194,7.997723545265612e-06,1.7844392522871803e-07,7.655131501113642e-06,8.350535242186337e-06,7.997723545265612e-06,63.23989591050256,20004.456613831317,10000
0.1,500,1.0,quadratic,0.1,0.16004828446677924,0.003565907901105044,0.15308981770199295,0.16708964413591232,0.0007999515154384405,1.7855381083034914e-05,0.000765348424156961,0.0008351578513769336,0.0007999515154384405,63.155957820089746,200.07248111663287,10000
0.1,500,1.0,quadratic,0.3,0.15999260220817277,0.0036005959914316835,0.1531061762593946,0.16703962147689824,0.007200964534808888,0.00016040010503166378,0.006894967400308918,0.007521744012569474,0.007200964534808888,59.952828726480824,22.21821832822274,10000
0.1,500,1.0,l1,0.01,0.9028495430152822,0.010816867590474514,0.8818799813403656,0.9238387112445465,0.006383267839604863,7.742457135998426e-05,0.006234396257658472,0.00653763859211046,0.006383267839604863,117.20234886705117,141.44002189812082,10000
0.1,500,1.0,l1,0.1,0.9026990002787679,0.010656667275044353,0.8818112468285432,0.9236065963115664,0.06383054094116569,0.0007734235439935317,0.06232215627962024,0.06537176797163238,0.06383054094116569,111.03161810642683,14.142117346472272,10000
0.1,500,1.0,l1,0.3,0.9026591941588198,0.010865925354819266,0.8814136487721032,0.9241985564244014,0.1915234822642625,0.0022566316014536163,0.1871342759192317,0.19589496547967478,0.1915234822642625,90.62152720948077,4.713047107786701,10000
0.1,500,1.0,log_quadratic,0.01,0.14611637351955978,0.0029894928335692864,0.14029958037362106,0.15212197533839333,8.001910138400352e-06,1.7879931868469562e-07,7.661411644275578e-06,8.351754681852986e-06,8.001910138400352e-06,69.11822567910926,18260.186754455313,10000
0.1,500,1.0,log_quadratic,0.1,0.14609117010868822,0.002979046297419472,0.14041289389836673,0.15213800892760385,0.0007994759376347387,1.8005519782699244e-05,0.000764740297116022,0.0008352674874090498,0.0007994759376347387,68.97164761846933,182.73366743332022,10000
0.1,500,1.0,log_quadratic,0.3,0.14615601208632778,0.002977363253068298,0.14036006722674296,0.15199796778216995,0.0071672134900403394,0.00016008930883923362,0.006858041512921353,0.007484240603346501,0.0071672134900403394,65.92286738896438,20.392306199533227,10000
0.1,1000,0.0,quadratic,0.01,0.1600095481325016,0.002556558195762335,0.1550419332678767,0.16508249046467455,8.00073447108021e-06,1.2773492665252763e-07,7.751464285676752e-06,8.252738901392087e-06,0.1600095481325016,88.5081976321174,19999.35739785876,10000
0.1,1000,0.0,quadratic,0.1,0.15999321628626545,0.0025108191028911423,0.15507720028889724,0.1649315989958629,0.000800125791015796,1.2641546404108665e-05,0.0007757069949025333,0.0008250673622924429,0.15999321628626545,89.66403589314449,199.96007888103046,10000
0.1,1000,0.0,quadratic,0.3,0.15997087836750354,0.0025386012149683527,0.15497039705135202,0.16502390326228053,0.007199362819267306,0.0001149104565833568,0.006976721564392148,0.007428211562295383,0.15997087836750354,85.01947794238787,22.220143974322454,10000
0.1,1000,0.0,l1,0.01,0.9026646754270061,0.007488679752955342,0.8879181006409992,0.9174770052520176,0.0063836728464767775,5.315027541471216e-05,0.0062810235193157885,0.006489471979466739,0.9026646754270061,169.25557877410657,141.4020889126856,10000
0.1,1000,0.0,l1,0.1,0.9027493620175912,0.007741775968618957,0.8875959904246612,0.9177447241378156,0.06382905129933411,0.0005422031319230562,0.06276654517610165,0.06487193873445776,0.9027493620175912,152.87363574853052,14.143236404753035,10000
0.1,1000,0.0,l1,0.3,0.902702891366127,0.007728174028248418,0.8878919663373196,0.9179223036577416,0.1914602581277675,0.0016323523178781178,0.1882514990174439,0.1946622895951969,0.902702891366127,127.34382891298985,4.714831684618981,10000
0.1,1000,0.0,log_quadratic,0.01,0.14609207178174693,0.0021160460959278164,0.14197403767426361,0.15022378142147666,7.997795129310336e-06,1.2674969212510625e-07,7.751197957181913e-06,8.249625154247075e-06,0.14609207178174693,97.63212564487277,18266.543393484586,10000
0.1,1000,0.0,log_quadratic,0.1,0.1461408522203698,0.002126446145937983,0.14200183230587202,0.15031652954426794,0.0007995149721344952,1.2625017057407409e-05,0.0007748111879739444,0.000824226992547625,0.1461408522203698,96.6589575398896,182.78688619202723,10000
0.1,1000,0.0,log_quadratic,0.3,0.14613174446167954,0.002153554487897917,0.14199113074697178,0.15040649022482502,0.007165909793416045,0.00011227811132867241,0.006952133648937361,0.007390317397831997,0.14613174446167954,91.13343263225951,20.392629641520703,10000
0.1,1000,0.2,quadratic,0.01,0.15996998729477813,0.002506462741301041,0.15518010725257897,0.16488873491056244,7.998095960594194e-06,1.2622165807816463e-07,7.74982923722452e-06,8.250633622155978e-06,0.12797758945501464,90.25484822681872,20001.008750449357,10000
0.1,1000,0.2,quadratic,0.1,0.15997764538866666,0.002527483949009049,0.1550927431108394,0.16490370351360026,0.0007999057757829462,1.2693262330233447e-05,0.0007755405953117106,0.0008246636052889736,0.1281420974660899,89.06425677431612,199.99561227330912,10000
0.1,1000,0.2,quadratic,0.3,0.15997686185822646,0.0025532226481937946,0.15492949398565656,0.16503690754635053,0.007199689947105543,0.00011397168522559425,0.006974679471748088,0.007424492057041797,0.12942142747600227,84.53810774586897,22.21996544761503,10000
0.1,1000,0.2,l1,0.01,0.902648214444441,0.00759737626577813,0.8879879236817373,0.9175778547202283,0.00638293645307328,5.372790675443521e-05,0.006278539660604612,0.006489152327622678,0.7233951588461675,166.83112343274394,141.41582343496944,10000
0.1,1000,0.2,l1,0.1,0.9027976087245697,0.007673754392313276,0.8877431243346181,0.9181358742617258,0.0638299788981989,0.0005360087381501204,0.06274839352817016,0.06488155637196509,0.7350040827592956,154.23943626256104,14.143786733259347,10000
0.1,1000,0.2,l1,0.3,0.9027667533071604,0.007584106510079987,0.8881617434276325,0.9178636251837331,0.1915080861197991,0.0016244200481956767,0.1883346750677427,0.19471081219594133,0.7605150198696883,129.68746376722842,4.7139876524191715,10000
0.1,1000,0.2,log_quadratic,0.01,0.1461425445530764,0.002127236724832477,0.14194420044487596,0.15033768198527325,8.001292480504028e-06,1.2489984314252007e-07,7.754273817204183e-06,8.246696417139011e-06,0.11691563590095724,97.15207068474155,18264.86719603961,10000
0.1,1000,0.2,log_quadratic,0.1,0.14608944466225002,0.0021312927974550056,0.1418756780803462,0.1502865500822732,0.0007996567936447768,1.2467391775779915e-05,0.0007754215714454308,0.000823729279466429,0.11703148708852895,96.40499575192182,182.69018136691503,10000
0.1,1000,0.2,log_quadratic,0.3,0.1460808157789687,0.0021524112264615877,0.14189546687957943,0.15028071491094164,0.007168592759318503,0.00011326322064785938,0.006952668319223874,0.007393724608741933,0.11829837117503866,91.14435058731469,20.377892939876833,10000
0.1,1000,0.4,quadratic,0.01,0.1599682430424963,0.002499543109584721,0.15509606180846652,0.16491485666518862,7.999399503461109e-06,1.262055207774595e-07,7.753303690014124e-06,8.249011677584096e-06,0.09598414558529918,90.50371839741987,19997.531436363774,10000
0.1,1000,0.4,quadratic,0.1,0.15998559167964338,0.002507104266711366,0.15513967544527157,0.16490786844593242,0.0007998689159834414,1.2726900930271783e-05,0.0007749219703540814,0.0008254034773335991,0.0963113025741794,89.79271843680013,200.01476302268927,10000
0.1,1000,0.4,quadratic,0.3,0.1600119398701766,0.0025046248163842176,0.1551146965546682,0.16493834892743076,0.007200742915121836,0.00011344476911439403,0.006977223304937901,0.00742355161394735,0.09888746108815467,86.19507708724319,22.221587655093945,10000
0.1,1000,0.4,l1,0.01,0.9027795097921586,0.007591637095807252,0.8878541086241021,0.9178523305734491,0.006382953871621886,5.3661760922358875e-05,0.006278779898854518,0.006489269146842415,0.544220887423944,166.98170396212294,141.43600720754787,10000
0.1,1000,0.4,l1,0.1,0.9028184869992322,0.007647167584902573,0.8877687436495644,0.9177404164052151,0.06381745848598934,0.0005320358153044372,0.06279850572776977,0.06487414272470134,0.5672180755939349,154.7848110129217,14.14688877335094,10000
0.1,1000,0.4,l1,0.3,0.9026191439317583,0.007554112072861315,0.8880926516331971,0.9173916580134509,0.19150709101966884,0.0016224092915815957,0.18835107824274666,0.19475835039359868,0.6181743227669226,130.15996851339412,4.713241369422996,10000
0.1,1000,0.4,log_quadratic,0.01,0.1461380991123045,0.002125811144340554,0.14195620076875032,0.15035763973213198,8.000616184676764e-06,1.266725920058785e-07,7.750667515015844e-06,8.24728376048185e-06,0.08768605971385655,97.21426446907749,18265.855496504944,10000
0.1,1000,0.4,log_quadratic,0.1,0.14613960425864408,0.002110953213500612,0.14203830585120272,0.15026673058062473,0.0007994351443559814,1.2676259111408203e-05,0.0007746893143725972,0.000824318886749638,0.08800353661292884,97.36754523403933,182.80357736383104,10000
0.1,1000,0.4,log_quadratic,0.3,0.1461044817049089,0.002117407400922159,0.14207542405133453,0.15030920463921174,0.007168343608989872,0.00011421006575513238,0.0069444788305121664,0.007396306164677225,0.09053002646654128,92.66056590501154,20.381902664609743,10000
0.1,1000,0.6,quadratic,0.01,0.1599555652813451,0.0025198047145950824,0.15505818358749662,0.16484892494241785,7.999844598429671e-06,1.2573610428515858e-07,7.753878343550465e-06,8.24472950287246e-06,0.06398702601929711,89.76886768939305,19994.834063744634,10000
0.1,1000,0.6,quadratic,0.1,0.1600316000785867,0.0025849330826886795,0.1550007793433948,0.1650091037739508,0.0008000480241609444,1.2700781163216744e-05,0.0007750282162048751,0.0008250653349703443,0.06449266884593123,87.11432565190597,200.0274924076225,10000
0.1,1000,0.6,quadratic,0.3,0.1599817170341099,0.002517384932005951,0.15502240495433012,0.16502061014994085,0.007199461774307968,0.0001141568437687387,0.006974117760145078,0.007421809913326977,0.06831236387822874,85.74172287604257,22.221344046164866,10000
0.1,1000,0.6,l1,0.01,0.9027765163848115,0.007607601267861045,0.8880944147218671,0.9174877464093711,0.006383021039833507,5.427137350038568e-05,0.006277370689968162,0.006489899723510888,0.36494041917782477,166.6306549859174,141.4340499194656,10000
0.1,1000,0.6,l1,0.1,0.9028587239701125,0.007597103840135798,0.8882154555935785,0.9178567875268739,0.06382402632289742,0.0005452345132541613,0.06276228984441719,0.06491674057387892,0.3994379053817835,155.78701489188796,14.146063418224118,10000
0.1,1000,0.6,l1,0.3,0.9027023404231853,0.007657466564993391,0.8877813936132958,0.9175961760938383,0.19149126146548004,0.001619398375664136,0.18830324257283812,0.19464519087321341,0.47597569304856213,128.50726778808144,4.714065454030729,10000
0.1,1000,0.6,log_quadratic,0.01,0.14615437723552008,0.0021581386629624232,0.14194916148420886,0.15047256780996146,7.998700504979122e-06,1.26605373617692e-07,7.75184236587227e-06,8.244698120873479e-06,0.058466550114511004,95.76872598935626,18272.265244153128,10000
0.1,1000,0.6,log_quadratic,0.1,0.1461227657051373,0.0021448877556915,0.14190357828704367,0.15032340775684913,0.0007994637774108098,1.264117443838419e-05,0.0007749750706736118,0.0008242444880090428,0.0589287845485014,95.81602335073836,182.77596788484783,10000
0.1,1000,0.6,log_quadratic,0.3,0.14609966693798535,0.0021103352332909097,0.14198036213476245,0.15028369399995964,0.007167442007137876,0.0001134946561461651,0.0069441716917688304,0.007392069315567599,0.06274033197947687,92.96926205247684,20.38379477538686,10000
0.1,1000,0.8,quadratic,0.01,0.1600334903067376,0.00253718507697684,0.15516444096493992,0.16502925050450754,7.999612390404951e-06,1.2628924029619874e-07,7.755789889059565e-06,8.248572799947793e-06,0.03201309775125984,89.19736326632584,20005.155562122993,10000
0.1,1000,0.8,quadratic,0.1,0.15999307404179464,0.0025241231447324535,0.15504532550329259,0.16499214793212866,0.000800080333939593,1.2656926661021509e-05,0.0007755995216093429,0.0008251082696068005,0.03263867907551058,89.19139340799167,199.9712619531457,10000
0.1,1000,0.8,quadratic,0.3,0.16000074230094818,0.0025535749845087704,0.1549914434947111,0.1650959805902832,0.007200806486587084,0.00011390938581224757,0.00697711076473718,0.007426098853353003,0.037760793649459286,84.53915291344902,22.219836430680505,10000
0.1,1000,0.8,l1,0.01,0.9026304238290912,0.007592328009126291,0.8882125828299496,0.9177554001863703,0.006382818580186953,5.367219017260697e-05,0.006279923502700997,0.006489023097711142,0.18563233962996772,166.93876334833473,141.4156477251235,10000
0.1,1000,0.8,l1,0.1,0.9025947256655854,0.007650560728941614,0.8876645752557109,0.9174864390173956,0.0638289553383135,0.0005408113600949413,0.06277195164455364,0.06486288814147127,0.23158210940376783,154.66073070390902,14.140835000064627,10000
0.1,1000,0.8,l1,0.3,0.9026744024764614,0.007647405501010189,0.8878927412428186,0.9175623012678069,0.19148750664656838,0.0016054036975737876,0.18838544183853023,0.19461578497186638,0.33372488581254695,128.71224771289087,4.714011991093195,10000
0.1,1000,0.8,log_quadratic,0.01,0.14611029467855902,0.0021253884329053884,0.14191036465370266,0.15032601757535263,7.998796582581551e-06,1.2731662054360703e-07,7.751131394562456e-06,8.252335027115694e-06,0.029228457972977857,97.2150994898279,18266.534618061636,10000
0.1,1000,0.8,log_quadratic,0.1,0.14616345705345776,0.0021098145763114237,0.14207368914078977,0.15040088723843506,0.0007998030693235957,1.2512006160150284e-05,0.00077531748881508,0.000824415048050674,0.029872533866150422,97.4358781865492,182.74930749774464,10000
0.1,1000,0.8,log_quadratic,0.3,0.14616653037700708,0.002128844893746132,0.14194085879137178,0.15030978056086242,0.0071689713941357255,0.00011299869488198449,0.006948824065799136,0.007391696304901865,0.03496848319070999,92.20770359397457,20.38877299699821,10000
0.1,1000,1.0,quadratic,0.01,0.15996667455995522,0.002547710250173071,0.15498386595087313,0.16495623195175116,8.002394781247578e-06,1.2685816687613174e-07,7.755756339526417e-06,8.25321800362314e-06,8.002394781247578e-06,88.79177814642783,19989.85040513289,10000
0.1,1000,1.0,quadratic,0.1,0.16003636951967015,0.0025684471191068942,0.15501694860959647,0.16512243346018735,0.000800183883512158,1.2543710420961823e-05,0.0007756012481881765,0.0008246859938132283,0.000800183883512158,87.67604602150539,199.99949113851224,10000
0.1,1000,1.0,quadratic,0.3,0.1599748555589054,0.0025100124198282965,0.1551100835377071,0.16494031478101037,0.007200024557123403,0.0001135666343107142,0.0069781286366039285,0.007423714855071654,0.007200024557123403,85.98978452750187,22.21865415731575,10000
0.1,1000,1.0,l1,0.01,0.9026909874972161,0.007679297268027536,0.887392465272666,0.9174539975447507,0.006383389124720843,5.47701546616826e-05,0.006277192696165599,0.006492429453569353,0.006383389124720843,165.059129664885,141.412495754235,10000
0.1,1000,1.0,l1,0.1,0.9027399876690672,0.007669585492221278,0.8877536255551378,0.9177568426131508,0.06383180454608463,0.00054198801180874,0.062783953163963,0.06489136879770104,0.06383180454608463,154.303520025112,14.142479506706039,10000
0.1,1000,1.0,l1,0.3,0.9026098905919471,0.007716558875452955,0.8874689516804057,0.9176893109738097,0.19148245343506665,0.0016329517334474802,0.18830279384555004,0.19466904891808742,0.19148245343506665,127.5046450829132,4.713799486061159,10000
0.1,1000,1.0,log_quadratic,0.01,0.14612243063023386,0.0021125493880297165,0.14197801774006566,0.15032189587220215,7.998398338489024e-06,1.2568596313650114e-07,7.754218053953837e-06,8.245989182571391e-06,7.998398338489024e-06,97.81404994644952,18268.961415322286,10000
0.1,1000,1.0,log_quadratic,0.1,0.14609138036439856,0.002124234491780336,0.14186300286547238,0.15021876112955035,0.0007998788852229629,1.2764031793815546e-05,0.0007748680301596517,0.0008250585816988666,0.0007998788852229629,96.72637528950436,182.64187624314673,10000
0.1,1000,1.0,log_quadratic,0.3,0.14614284810592307,0.0021326545057265417,0.1419408062708555,0.15033674185504053,0.007166440987039261,0.00011146238025230269,0.006948975938206344,0.007383082207362718,0.007166440987039261,92.03292487574599,20.392667485886943,10000
0.1,5000,0.0,quadratic,0.01,0.160005892826967,0.0011173688503330898,0.15783757054591804,0.16219937363615008,7.999755467261591e-06,5.7033983643454684e-08,7.889204808498134e-06,8.110874848976928e-06,0.160005892826967,202.50357791039184,20001.347976419944,10000
0.1,5000,0.0,quadratic,0.1,0.1599942704588348,0.0011273518356290956,0.157803043008273,0.1621959045264659,0.0007998414057594331,5.65582358032576e-06,0.00078884781768146,0.0008110152947296083,0.1599942704588348,199.6999342217016,200.03249307520343,10000
0.1,5000,0.0,quadratic,0.3,0.15998444551759863,0.0011347885298967518,0.1577717141480381,0.1621988496694361,0.007200354632428594,5.0643878707921777e-05,0.007101575671291001,0.007300733575167608,0.15998444551759863,190.21560047440042,22.21896749322162,10000
0.1,5000,0.0,l1,0.01,0.902778186825039,0.003411791619990463,0.8961928163820522,0.9094132488353951,0.006382942106175174,2.4268231918331096e-05,0.006335204181850764,0.006431305676816384,0.902778186825039,371.5532438584964,141.4360606453953,10000
0.1,5000,0.0,l1,0.1,0.9026765238990838,0.003377380981192325,0.8960570505296855,0.909350149795259,0.06383353008670319,0.00024165868379767263,0.06336567194143429,0.06430542834370578,0.9026765238990838,350.35371983933805,14.141103001400754,10000
0.1,5000,0.0,l1,0.3,0.9026293083558161,0.0034199413398747756,0.8960442424524829,0.9092847004172352,0.19150262339432178,0.0007343731991978939,0.19005880110731746,0.19291438854526233,0.9026293083558161,287.51109811300427,4.713404403328815,10000
0.1,5000,0.0,log_quadratic,0.01,0.14612199259970715,0.0009497432652259994,0.14425050384673124,0.14797143126859255,7.999975598192915e-06,5.633618976366977e-08,7.889471876710227e-06,8.111211732796078e-06,0.14612199259970715,217.57078699452234,18265.304788268866,10000
0.1,5000,0.0,log_quadratic,0.1,0.14611881534763885,0.0009475970268591193,0.14424865139956933,0.14798134880519914,0.0007994434818863946,5.724273076149565e-06,0.0007884920772474632,0.0008108631493295471,0.14611881534763885,216.87370380015406,182.77566664606712,10000
0.1,5000,0.0,log_quadratic,0.3,0.14613066323093984,0.00093759409095829,0.14427091684207494,0.1479306992707679,0.007167342149572835,5.013169284283377e-05,0.007068682650963222,0.007265607411272619,0.14613066323093984,209.30538889702885,20.388403425061696,10000
0.1,5000,0.2,quadratic,0.01,0.15998850649139765,0.0011254751579030586,0.15778159593369087,0.1622238070266992,7.999755545809501e-06,5.706783499495898e-08,7.89003259404037e-06,8.112752489497672e-06,0.12799240514422727,201.02318603979663,19999.174421673943,10000
0.1,5000,0.2,quadratic,0.1,0.15997703281997763,0.001129640041150898,0.1577507223126586,0.16221796512778092,0.0007999920019945536,5.657831075009264e-06,0.0007890046212197145,0.0008110445494429374,0.12814162465638101,199.2736609120769,199.97329025930281,10000
0.1,5000,0.2,quadratic,0.3,0.16000179807361498,0.0011328264839539192,0.15781487911978836,0.16222869144579416,0.007200459824657196,5.075955333803615e-05,0.007100114102511902,0.007299636375693427,0.12944153042382345,190.56503656967394,22.221052817447315,10000
0.1,5000,0.2,l1,0.01,0.9027442986355266,0.0033893194952460213,0.8961598142997658,0.909374529631336,0.006383046233953835,2.3906919722558025e-05,0.00633633375265174,0.006430069259394082,0.723472048155212,374.00271885566264,141.42844428001925,10000
0.1,5000,0.2,l1,0.1,0.9027426926129032,0.003418528358667075,0.8959842322704512,0.9094251864429078,0.06383212227844942,0.00024364329810300806,0.06335783220000808,0.0643122626857922,0.7349605785460126,346.17144877072127,14.142451486650337,10000
0.1,5000,0.2,l1,0.3,0.9027235293717324,0.0034266401039641813,0.8958654863802007,0.9095688898244935,0.19149627384034856,0.000721126630969874,0.19008680103695896,0.19293325126646174,0.7604780782654558,287.23988994334326,4.714052713758481,10000
0.1,5000,0.2,log_quadratic,0.01,0.1461295040942676,0.0009450380539253857,0.1442752652138186,0.1480115694011858,8.000148765241175e-06,5.61981044399519e-08,7.891212543599458e-06,8.110283049476088e-06,0.1169052033051671,218.66528168930165,18265.848346366634,10000
0.1,5000,0.2,log_quadratic,0.1,0.14611898401072207,0.0009580180683580888,0.1442451255183685,0.14799999855124243,0.0007996336046183522,5.6369789217081836e-06,0.0007884978468829564,0.0008106369618861928,0.11705511392950137,214.514783725037,182.73242040704565,10000
0.1,5000,0.2,log_quadratic,0.3,0.14613294357621645,0.0009571901616697485,0.14430442583575243,0.14805146221099227,0.007167820864673017,5.046527924140157e-05,0.007070512281637115,0.007266213197143861,0.1183399190339078,205.03114292582782,20.38735988735996,10000
0.1,5000,0.4,quadratic,0.01,0.1599933557963685,0.0011451320479475427,0.15775474124642674,0.16226314728227625,7.999621275202817e-06,5.6308380367726337e-08,7.891515312012206e-06,8.111629829911089e-06,0.09599921332633118,197.578489411681,20000.116292044357,10000
0.1,5000,0.4,quadratic,0.1,0.15999944568047222,0.0011406830691329376,0.1578081225801681,0.16221028998740777,0.0007999975718623388,5.5899858932437916e-06,0.0007891807379830594,0.0008108096536447292,0.09631966643702827,197.37236514740783,199.99991413474496,10000
0.1,5000,0.4,quadratic,0.3,0.1600023057115112,0.0011173659751324183,0.15783645197893026,0.16219216690514596,0.007199833729218527,5.088532619729231e-05,0.0070992938204698305,0.007299301189305814,0.09888131691859411,193.19685548580463,22.22305566060314,10000
0.1,5000,0.4,l1,0.01,0.9027035125481545,0.0034113195721092314,0.8960856171528767,0.9094428960201724,0.0063832762527484726,2.4313590724247244e-05,0.006336702509368374,0.006431487769616305,0.544175418029992,371.57352539247137,141.41695844034228,10000
0.1,5000,0.4,l1,0.1,0.9026995992306496,0.0034570850801960338,0.8957954495141538,0.9094822808413968,0.06382744499769546,0.00023994469897302943,0.06335071453512876,0.06430017321995433,0.567150737537468,342.3396168730003,14.142812692302538,10000
0.1,5000,0.4,l1,0.3,0.9027068372625203,0.003404819490548463,0.8960262451003809,0.9093635805694559,0.19150764688595937,0.000721358262243196,0.19009433776934134,0.1929249705312624,0.6182271611118958,288.98655707151846,4.713685599197363,10000
0.1,5000,0.4,log_quadratic,0.01,0.14612313602798863,0.0009528986749695714,0.14426272102045049,0.14798407966340346,7.999557974972955e-06,5.7138872459903486e-08,7.88644316251044e-06,8.113568539748722e-06,0.08767708143998318,216.85202500569633,18266.401279313515,10000
0.1,5000,0.4,log_quadratic,0.1,0.14613177831916632,0.0009509230448165144,0.14427051810736077,0.14794132398268103,0.000799586631659034,5.64931072132762e-06,0.0007887166447783316,0.0008106911456071353,0.08799890164416338,216.13434520785927,182.75915646058596,10000
0.1,5000,0.4,log_quadratic,0.3,0.14612847352103492,0.0009425491761460819,0.1442794280670458,0.14795216597721594,0.007167383582616685,5.1076177595157374e-05,0.007068355368352285,0.007268724491356774,0.09054403754566763,208.19364793387277,20.387980053899387,10000
0.1,5000,0.6,quadratic,0.01,0.16002468110488124,0.0011323064354374541,0.15781342199653003,0.16226873467619898,8.000354929934786e-06,5.63984475125236e-08,7.889160318190394e-06,8.110798357807146e-06,0.06401467265491047,199.85558039716526,20002.1977157688,10000
0.1,5000,0.6,quadratic,0.1,0.1599864358641395,0.0011328713634892365,0.15779192454990976,0.16219895307515253,0.0007999700888814223,5.582072184810876e-06,0.0007890647059268692,0.0008109649006199359,0.06447455639898464,198.7171123473761,199.99052225545637,10000
0.1,5000,0.6,quadratic,0.3,0.16002446083892868,0.0011383874046392193,0.15784202373908068,0.1622589023224226,0.00720036553699197,5.050757108207715e-05,0.007101552433705093,0.007300072133968545,0.06833000365776666,189.66610158259076,22.22449124517373,10000
0.1,5000,0.6,l1,0.01,0.9026918633969441,0.003417242565704632,0.8960221202190642,0.9095202936489267,0.006383202776265151,2.391513196314077e-05,0.006336230864387896,0.006430280667695215,0.36490666702453667,370.9250366723742,141.41676130882908,10000
0.1,5000,0.6,l1,0.1,0.9027118098818159,0.0034301689188804053,0.8959765190908429,0.9093957293481977,0.06383159743654901,0.0002407786369997069,0.06335989526692605,0.06430127297018139,0.3993836824146558,345.010353886505,14.142083954253927,10000
0.1,5000,0.6,l1,0.3,0.9027075737648782,0.003395639116550078,0.8961715884212794,0.909375451059135,0.19149062301600958,0.0007195083128561082,0.1900801089976215,0.1929182665921232,0.475977403315557,289.7734462750438,4.714108500704013,10000
0.1,5000,0.6,log_quadratic,0.01,0.14613912210829727,0.0009556180272177276,0.1442466810818677,0.14798205080597523,8.000297910751953e-06,5.573781493110364e-08,7.891626731288143e-06,8.108981573985327e-06,0.05846044902206536,216.2585971710962,18266.710032371975,10000
0.1,5000,0.6,log_quadratic,0.1,0.14613249695459998,0.000954150628545542,0.14428067003049105,0.14802078596329113,0.0007996506540891458,5.718466844923781e-06,0.000788741078225751,0.000810916317833639,0.058932789174293496,215.4041353550586,182.74542290102224,10000
0.1,5000,0.6,log_quadratic,0.3,0.1461254458583008,0.0009601122319004746,0.14425556920993823,0.1479803496404478,0.007167055064327197,5.0520074820240814e-05,0.007069983681683442,0.007267271894018447,0.06275041138191664,204.39834515291506,20.38849214171878,10000
0.1,5000,0.8,quadratic,0.01,0.15999924493364018,0.001134955064014154,0.15780297104241983,0.16226382716190624,8.00065911147896e-06,5.6890833227325325e-08,7.888477125846522e-06,8.109935471937328e-06,0.032006249514017204,199.35748507035902,19998.257981530667,10000
0.1,5000,0.8,quadratic,0.1,0.15998151901899627,0.0011331842466442926,0.15775760134877745,0.16219314186003467,0.0008000081773367611,5.636772832579252e-06,0.000789046657205531,0.000811116848769974,0.032636310345668655,198.6560148095026,199.97485469658207,10000
0.1,5000,0.8,quadratic,0.3,0.1599918009156257,0.001129075348027475,0.15771918875325333,0.1621892007689242,0.007200234374217425,5.0969209266331165e-05,0.007101060864708326,0.007301855554670003,0.03775854768249908,191.18305422236085,22.220360143903623,10000
0.1,5000,0.8,l1,0.01,0.902731267460681,0.003416726706791051,0.8962306799513295,0.9095357301908041,0.00638284379872487,2.4103203427262194e-05,0.006335309793417963,0.0064295000246923206,0.18565252853111605,370.997350736345,141.43088816320773,10000
0.1,5000,0.8,l1,0.1,0.9026989163853013,0.0034175269797921287,0.895966485988206,0.9094243924094918,0.06383407147037858,0.0002405999278059486,0.06336020825605079,0.06430155539202181,0.2316070404533631,346.275231634815,14.141333861246618,10000
0.1,5000,0.8,l1,0.3,0.9026868333587216,0.0034087402768339377,0.8959414310456202,0.9092021133382506,0.1914896754337743,0.0007202228069161407,0.190089836363771,0.192918617171472,0.3337291070187637,288.68705370855895,4.7140235175285525,10000
0.1,5000,0.8,log_quadratic,0.01,0.1461376797337121,0.0009435401699068803,0.14434558745368956,0.14799524366790917,8.001038068164159e-06,5.630501784301513e-08,7.891034435773614e-06,8.111433886602491e-06,0.029233936777196948,219.02466868903005,18264.839948104815,10000
0.1,5000,0.8,log_quadratic,0.1,0.14613407601285713,0.0009471277837323323,0.144299548540195,0.14801070488822565,0.0007996385594906412,5.621139461230526e-06,0.0007888056251375118,0.0008103895626945828,0.02986652605016393,217.00378380593023,182.75016165546413,10000
0.1,5000,0.8,log_quadratic,0.3,0.1461336500459307,0.0009460120412566615,0.1442757389484693,0.14801147810078047,0.007168025313701336,5.107320898265635e-05,0.007068455655361943,0.00726937260480795,0.034961150260147206,207.44058118052826,20.386876950141797,10000
0.1,5000,1.0,quadratic,0.01,0.15999844011608652,0.001116290726962489,0.1578179697614317,0.16220755882840598,8.000279639913444e-06,5.690850095942955e-08,7.889201724796156e-06,8.110770896855945e-06,8.000279639913444e-06,202.68971523967642,19999.105945978856,10000
0.1,5000,1.0,quadratic,0.1,0.15999276057161074,0.0011298672574924368,0.15775377796603515,0.16220374447181432,0.000799962378524434,5.637230663893711e-06,0.0007890382216751709,0.0008112066250910946,0.000799962378524434,199.2533288191029,200.0003561001512,10000
0.1,5000,1.0,quadratic,0.3,0.15998192992200252,0.001134090625918285,0.15774535461655012,0.16220848390685533,0.007200452992161452,5.0758957935459455e-05,0.0070992837219254,0.007299863468190228,0.007200452992161452,190.3283056133181,22.218314611061533,10000
0.1,5000,1.0,l1,0.01,0.9026904138757378,0.003436525577635623,0.8959567474307221,0.9093678518319386,0.006382735717127399,2.4241630323859616e-05,0.006335424094628381,0.006430676770154097,0.006382735717127399,368.84315556522876,141.4268824343554,10000
0.1,5000,1.0,l1,0.1,0.9027392236901074,0.003441378004094123,0.8959977654365171,0.909341320045539,0.0638275556205059,0.00023967189814683853,0.06336276305568274,0.06429559797011702,0.0638275556205059,343.91266440815093,14.14340898557118,10000
0.1,5000,1.0,l1,0.3,0.902711331665678,0.0034213532335241673,0.8959813509019181,0.9094295207303519,0.19149885167136582,0.0007261962506849015,0.19011091091197765,0.19296172447773982,0.19149885167136582,287.5726255173963,4.713925560320513,10000
0.1,5000,1.0,log_quadratic,0.01,0.14611802103006757,0.0009508040918842783,0.14425785695625923,0.14797702775882432,7.99979227965965e-06,5.644102908154659e-08,7.888909467783386e-06,8.113858127703919e-06,7.99979227965965e-06,217.3221329533252,18265.226886151617,10000
0.1,5000,1.0,log_quadratic,0.1,0.14612387657573914,0.0009530070226134383,0.14423554947199974,0.1479806201164754,0.0007996307211740993,5.584592846508124e-06,0.0007888036303379149,0.0008105991231182068,0.0007996307211740993,215.65002770198186,182.73919786521603,10000
0.1,5000,1.0,log_quadratic,0.3,0.14612516646350113,0.0009445749503311306,0.14426965072204162,0.1479988402312362,0.007168040334045756,5.0836853182387606e-05,0.007068406853349845,0.007266914071222106,0.007168040334045756,207.74535573461205,20.38565070141364,10000
0.2,100,0.0,quadratic,0.01,0.6402822821170385,0.031987518007493505,0.579063922279105,0.7053253942922755,3.1993999887084124e-05,1.5950050288291646e-06,2.89389485052795e-05,3.517410704944781e-05,0.6402822821170385,28.306373737118573,20012.57374435131,10000
0.2,100,0.0,quadratic,0.1,0.6404274444943878,0.03187950932609151,0.5792195237209781,0.7056254843159387,0.003200983833284112,0.0001595002354208943,0.0028964082341483236,0.0035211334654355023,0.6404274444943878,28.26778212820787,200.07206466810823,10000
0.2,100,0.0,quadratic,0.3,0.6399486536855824,0.03209185857911244,0.5790745509721259,0.7032830940063575,0.028798831691015204,0.0014461558646050492,0.026030658219173497,0.031718126904352745,0.6399486536855824,26.904647683026077,22.22134080130885,10000
0.2,100,0.0,l1,0.01,1.8060375771328478,0.04881344980793139,1.7120078880602023,1.9035150476854015,0.012771337060339564,0.0003410357781015873,0.012103016379104298,0.01344833096054904,1.8060375771328478,51.95288502657222,141.41335152302597,10000
0.2,100,0.0,l1,0.1,1.8064476911359488,0.048503780969479784,1.7117974831885954,1.9029642941204374,0.12762554361039027,0.003430858183849648,0.12098732213399618,0.13453950914619572,1.8064476911359488,48.827035282516114,14.154280091848964,10000
0.2,100,0.0,l1,0.3,1.8049085345822438,0.048526461486123496,1.7098258409701064,1.9005699907600218,0.3830188736126401,0.010241829806385374,0.3628689137574944,0.40300644529115714,1.8049085345822438,40.5451317846312,4.712322705036224,10000
0.2,100,0.0,log_quadratic,0.01,0.47702406381054013,0.018548174540048225,0.44087962001872966,0.5142020652653098,3.1990443354756855e-05,1.6085533842744089e-06,2.895889622398087e-05,3.516664550199099e-05,0.47702406381054013,36.36846608851823,14911.455228069182,10000
0.2,100,0.0,log_quadratic,0.1,0.47721913304159297,0.01865590552380013,0.4414804835404458,0.5140453808366003,0.0031932082389109213,0.00016138482095440066,0.002880084860067106,0.003518406300015246,0.47721913304159297,35.93225798160296,149.4481716621005,10000
0.2,100,0.0,log_quadratic,0.3,0.47693640356097294,0.01891953498518529,0.43988642207362927,0.5141060003116631,0.028303063776988834,0.001375050010965049,0.025628302663562343,0.030991483382504632,0.47693640356097294,33.44660836801311,16.851052144705807,10000
0.2,100,0.2,quadratic,0.01,0.6396165161238984,0.03191550045015123,0.5793569557491614,0.7037986855667472,3.1986913228688724e-05,1.5813210587889084e-06,2.8961241951182684e-05,3.5116802451402575e-05,0.5116996102817644,28.340746710089793,19996.193804353497,10000
0.2,100,0.2,quadratic,0.1,0.6403052583009643,0.03252144526385194,0.5774808127839195,0.7060394810011018,0.003200915976483834,0.000160881946674579,0.002892987730040603,0.0035319819135849434,0.5128843898360682,27.70450604699967,200.03813377329936,10000
0.2,100,0.2,quadratic,0.3,0.6400196107471161,0.03169717598357794,0.5796566986431345,0.7043694801033364,0.02877864660029383,0.0014479170462677108,0.025989839410063144,0.03166203425439067,0.5177714179177516,27.24295695391747,22.239392270120913,10000
0.2,100,0.2,l1,0.01,1.8053906411816592,0.04835463512772879,1.710425671183227,1.901019776462703,0.012767726737011957,0.0003373564170870347,0.012119589205389721,0.013435315513030939,1.44686605829273,52.42703072274695,141.40266927456003,10000
0.2,100,0.2,l1,0.1,1.8051999531094804,0.04813516217192298,1.7115225381102925,1.900237572266823,0.127686430642595,0.00339880110423818,0.12102835503372654,0.13439246064783839,1.4696972486161035,49.163030518777354,14.137758758112568,10000
0.2,100,0.2,l1,0.3,1.805285051315335,0.048600927939380846,1.7096578587527012,1.8991195682327593,0.3828439815636288,0.010153520347071366,0.3633852861622716,0.40295835102472577,1.5207968373649936,40.516145216091246,4.715458876856592,10000
0.2,100,0.2,log_quadratic,0.01,0.47696110955724497,0.018817607931461165,0.4402917280172171,0.5138752268892108,3.201504827321474e-05,1.6059562108170056e-06,2.8950924675452292e-05,3.528281847645869e-05,0.38157529065545065,35.84300373061592,14898.028748446164,10000
0.2,100,0.2,log_quadratic,0.1,0.47687404029405095,0.018682323803967598,0.4407140665835113,0.5139033381684314,0.0031927146390248987,0.00015894641739771522,0.002893871559430088,0.0035123548430942573,0.38213777516304576,35.855406369989396,149.3631890758941,10000
0.2,100,0.2,log_quadratic,0.3,0.47693433604283336,0.018532365749915344,0.44197864862324404,0.5133182806461853,0.028295594246966635,0.0013939882890901306,0.025658583789059528,0.031093732579130087,0.38720658768365995,34.13939108766538,16.855427452065687,10000
0.2,100,0.4,quadratic,0.01,0.6397419904527717,0.0321680161903544,0.5783784706853862,0.7030491154348536,3.1999905896088805e-05,1.5861318900356406e-06,2.898407133108207e-05,3.5138585112605165e-05,0.3838579942340214,28.123790356349858,19991.99599305585,10000
0.2,100,0.4,quadratic,0.1,0.6401320006801672,0.03160103833134896,0.579044376236413,0.702993517918726,0.0031986034923666144,0.00015793179579205,0.002898743648026603,0.0035180335367923895,0.3853586418050469,28.503765931906056,200.12858805657714,10000
0.2,100,0.4,quadratic,0.3,0.6404852961738227,0.03165784321422414,0.5792477740034484,0.7033248292647513,0.028810418617306027,0.001431607425614316,0.026083423900241414,0.0316793046612261,0.3958153451512159,27.296735604084272,22.231030540774295,10000
0.2,100,0.4,l1,0.01,1.8059150269049926,0.048672316557824766,1.7115189368955768,1.9033166365439205,0.01276084106103471,0.00034410153775336113,0.012096593779124885,0.013439601420791142,1.0886533525674094,52.10024458782192,141.5200626876674,10000
0.2,100,0.4,l1,0.1,1.8059046469865971,0.048151876860641624,1.7124865777291634,1.9012966419833666,0.1276682936907171,0.0034106593203922513,0.12108613908500582,0.13445883296785655,1.1346101056682452,49.166374313302754,14.145286936798046,10000
0.2,100,0.4,l1,0.3,1.8051274658576308,0.048184924808253975,1.7109395022625005,1.8989658304652048,0.38303463348860667,0.010195714198156599,0.36288162151271713,0.40298524897984017,1.236290332910021,40.833899847505116,4.712700387995918,10000
0.2,100,0.4,log_quadratic,0.01,0.477064356891437,0.018329111337651766,0.4414001209464385,0.5138301385779256,3.199004489228093e-05,1.6092597963584754e-06,2.8936112766731922e-05,3.518963910098248e-05,0.28625141015281913,36.80623833078735,14912.900513201554,10000
0.2,100,0.4,log_quadratic,0.1,0.4769123770617969,0.01842697394099837,0.4413441262219404,0.5131269987773915,0.0031985115929308344,0.00015935247488969633,0.0028945391061029847,0.003516996665363247,0.28742683087425047,36.35472251765065,149.1044703779849,10000
0.2,100,0.4,log_quadratic,0.3,0.47666857613180963,0.01874221107797125,0.4404792668166882,0.5140347242076099,0.028306335308924326,0.0013866161056720042,0.025607186911530383,0.031073422396511015,0.29732367980265556,33.73944032522567,16.83964281951847,10000
0.2,100,0.6,quadratic,0.01,0.6399108909479072,0.03225585120111743,0.5787240539930258,0.7057362380964864,3.199141914369082e-05,1.58422519988196e-06,2.8934433998801626e-05,3.516826028497037e-05,0.25598355123064914,28.054612828421032,20002.5790688972,10000
0.2,100,0.6,quadratic,0.1,0.6402856814395814,0.031865341802257585,0.5791174518288602,0.7025863844388359,0.003199977592024975,0.0001612698596749414,0.0028986661883720812,0.003523400325191281,0.2580342591310475,28.274095097253596,200.09067658327032,10000
0.2,100,0.6,quadratic,0.3,0.639939628400516,0.03192196708339435,0.5786496006880865,0.7029688918285162,0.02879769514882969,0.001433795974325561,0.026098489991243187,0.03169508330935403,0.2732544684495042,27.047666387395083,22.221904395238468,10000
0.2,100,0.6,l1,0.01,1.8058423115007456,0.04830300103035073,1.710943254730773,1.9008536046387223,0.012767979845040378,0.0003367182704637941,0.012123504103385183,0.01343280486947392,0.7299977125073226,52.49629161507688,141.43524139429238,10000
0.2,100,0.6,l1,0.1,1.8054392801822141,0.04807502041923191,1.7107874789141673,1.9004751819471204,0.12767619173460049,0.0034040381523483872,0.12098169256839961,0.13438870717232554,0.798781427113646,49.231173285993755,14.140767011089794,10000
0.2,100,0.6,l1,0.3,1.8047676533755121,0.0480649633009385,1.70999683145593,1.9003931442276352,0.3828629436885193,0.010200851161800636,0.363087476349776,0.4030915900510049,0.9516248275633165,40.925128120924896,4.713873941385649,10000
0.2,100,0.6,log_quadratic,0.01,0.47676666670460516,0.01860796990822453,0.44065449628750636,0.5130671001280799,3.1993449460726026e-05,1.6137082213396418e-06,2.8947747376305943e-05,3.520989914253087e-05,0.19072586275151854,36.23203613080494,14902.008840586766,10000
0.2,100,0.6,log_quadratic,0.1,0.4769179230363503,0.018414571257957903,0.44157850113268443,0.5140696645182546,0.003192338902159892,0.00015795008422692962,0.0028894255860408085,0.0035035896651244777,0.19268257255583607,36.38013032876022,149.39451532344336,10000
0.2,100,0.6,log_quadratic,0.3,0.47676720838155123,0.018522626722263465,0.44089387662153684,0.513394469136175,0.028300796977377182,0.0013963041047364057,0.02562856772304416,0.03116736318111401,0.2076873615390468,34.14380005032567,16.84642339799352,10000
0.2,100,0.8,quadratic,0.01,0.6406376917233507,0.032579565995128075,0.5780308666181415,0.7055459588299806,3.199595252425743e-05,1.5996959226860193e-06,2.893648824011644e-05,3.5201439460889795e-05,0.12815313510668952,27.807407321998614,20022.46037956386,10000
0.2,100,0.8,quadratic,0.1,0.6396958157703495,0.031793548914444886,0.5789635490845305,0.7041797666297349,0.0031984525584538353,0.00015922809893984818,0.0028942731812792964,0.003523475604148401,0.13049792520083298,28.311778512911022,200.0016583267957,10000
0.2,100,0.8,quadratic,0.3,0.6397827723037943,0.032007877892621904,0.5787429305537781,0.7040867952858801,0.028792551719376964,0.0014487336890636388,0.026094130775904015,0.03172488884490282,0.15099059583626043,26.967952599801905,22.220426259518703,10000
0.2,100,0.8,l1,0.01,1.8059064295847573,0.04813759211311315,1.7127175501640497,1.9014214472721784,0.012766160348972806,0.00034185100844749016,0.012105091356710899,0.013442857482254747,0.3713942141961296,52.678566468221454,141.4604219451203,10000
0.2,100,0.8,l1,0.1,1.8062368484522813,0.0484007539829827,1.7125731125647894,1.9020010589614178,0.12769159361465118,0.0033900980842556526,0.1211297791818774,0.13428954766899903,0.463400644582177,48.92526914869739,14.14530743427918,10000
0.2,100,0.8,l1,0.3,1.805371443855585,0.048552476838528424,1.7100980859051762,1.902007546945097,0.3829894275441998,0.010121570552467455,0.3629643394262829,0.40304321023124384,0.6674658308064769,40.55853929295298,4.713893684825626,10000
0.2,100,0.8,log_quadratic,0.01,0.47697241259830364,0.018667989590122402,0.4406494967837974,0.5139586751779729,3.1998681595982306e-05,1.6061091008418592e-06,2.896620650106194e-05,3.51910486346003e-05,0.0954200814649375,36.13113217426435,14906.002022851822,10000
0.2,100,0.8,log_quadratic,0.1,0.4770402276435103,0.018671454728734254,0.4404642055474826,0.5139002313393135,0.003193644888676482,0.00015969892186782836,0.0028869284912275248,0.0035106156910218005,0.09796296143964323,35.888781209965714,149.37171923369553,10000
0.2,100,0.8,log_quadratic,0.3,0.4768843060904973,0.018587955116181998,0.44153998723942434,0.5133037511685773,0.02830518129813384,0.0013928600562926566,0.02564662926946588,0.03112196620616087,0.11802100625660651,34.03349615149853,16.84795094818694,10000
0.2,100,1.0,quadratic,0.01,0.6400869721165161,0.032297517137198875,0.5777219341799754,0.7049163500960293,3.198535385685489e-05,1.5896655319290169e-06,2.892537538785974e-05,3.5202588570323954e-05,3.198535385685489e-05,28.026130863332764,20011.87715418496,10000
0.2,100,1.0,quadratic,0.1,0.6402077016878435,0.03201617964912132,0.5795270505630811,0.7039806560999012,0.003200960772266503,0.00015864715454955963,0.0029001299908588893,0.0035196243887726836,0.003200960772266503,28.137414345374967,200.00485705250674,10000
0.2,100,1.0,quadratic,0.3,0.6396918242490628,0.03203732748147758,0.5779492704373534,0.705016151612516,0.028803908339274875,0.0014387624094003083,0.02603593434585469,0.03170197514338348,0.028803908339274875,26.939079213548847,22.208507842556436,10000
0.2,100,1.0,l1,0.01,1.805304250189428,0.04786515883715457,1.709866842507532,1.8997979237101918,0.012756813074247524,0.0003401641479526905,0.012091591369884016,0.013415819701022633,0.012756813074247524,52.960878935950774,141.5168694314286,10000
0.2,100,1.0,l1,0.1,1.8058540180653355,0.04861803190883789,1.7107085233689174,1.9025643252223177,0.1276708814825003,0.003382520002361861,0.12100723600031814,0.13440032938675694,0.1276708814825003,48.697696751577645,14.144603664484464,10000
0.2,100,1.0,l1,0.3,1.8062464049291527,0.04790393923373189,1.7119564042871158,1.902048115148527,0.38302169016703846,0.01037054191265811,0.36292364448882886,0.4035767099349504,0.38302169016703846,41.064982499351046,4.71578098916914,10000
0.2,100,1.0,log_quadratic,0.01,0.4771380159220465,0.018452167177117264,0.4410797938494236,0.5130053870440875,3.198795805231589e-05,1.5965543765047918e-06,2.8958753964372106e-05,3.5157105514027795e-05,3.198795805231589e-05,36.56642639503782,14916.176116702838,10000
0.2,100,1.0,log_quadratic,0.1,0.4772233896378696,0.01869118878710547,0.4412766310664647,0.5142390485415871,0.0031946588105920856,0.00016127543364527385,0.002887761878408794,0.003519069767852318,0.0031946588105920856,35.86464801274781,149.38164540626573,10000
0.2,100,1.0,log_quadratic,0.3,0.47689238161512987,0.01860300560205021,0.44113060268792487,0.5136781423559721,0.02828968914580014,0.0013892041349667804,0.025634890411471694,0.03104707793585246,0.02828968914580014,34.00839901252901,16.857462772295214,10000
0.2,500,0.0,quadratic,0.01,0.6398944244220806,0.014308064596091954,0.6119084624938921,0.6680947956211398,3.1994591400601944e-05,7.127569240741361e-07,3.060724899104377e-05,3.33864147203707e-05,0.6398944244220806,63.24420183593082,20000.081151529932,10000
0.2,500,0.0,quadratic,0.1,0.640207411754035,0.014403364362264479,0.6120135602023467,0.6683714006556369,0.003200101435798314,7.081448884004053e-05,0.003062190584628566,0.0033381538673422717,0.640207411754035,62.544657427332204,200.05847458217383,10000
0.2,500,0.0,quadratic,0.3,0.6400231171748241,0.014194294794697497,0.6125156271817442,0.6677449174616609,0.028799273587480682,0.0006387586138772018,0.027590074548032608,0.030072486189236528,0.6400231171748241,60.83621206418273,22.22358543977471,10000
0.2,500,0.0,l1,0.01,1.8053989178411007,0.021498622429707345,1.7632557777423468,1.8480858435179048,0.012765859777684579,0.0001527779206796225,0.01246680514069204,0.013060327959149158,1.8053989178411007,117.91927504118603,141.42399723025602,10000
0.2,500,0.0,l1,0.1,1.8056157778891075,0.021702908084941724,1.7638761214991547,1.8488888501618466,0.12764613758894736,0.0015193755828046454,0.12472144573003296,0.13064977163142094,1.8056157778891075,109.07356365157847,14.14547915036524,10000
0.2,500,0.0,l1,0.3,1.805325145970696,0.021492549939802614,1.7640276853308188,1.8475985858628514,0.3829637314562699,0.004607223420246743,0.37375860206795936,0.39208222447277047,1.805325145970696,91.5126595370667,4.714089083855827,10000
0.2,500,0.0,log_quadratic,0.01,0.47694849043019705,0.008339868711218829,0.4605627119940641,0.4936189899708686,3.1997028400242e-05,7.130667506720523e-07,3.061143354624136e-05,3.340498061351332e-05,0.47694849043019705,80.87198899374201,14906.024536534454,10000
0.2,500,0.0,log_quadratic,0.1,0.47699522772449693,0.008390323744272019,0.46062126456538377,0.49339180233896707,0.0031946219887978144,7.154603742562602e-05,0.0030558153212180104,0.0033393144091373866,0.47699522772449693,79.85757204193199,149.31194657681473,10000
0.2,500,0.0,log_quadratic,0.3,0.4769286436334133,0.008328425352809518,0.46073815494246495,0.4934117762181805,0.028298188896988187,0.0006272746316602067,0.02708041500040469,0.02953936210297561,0.4769286436334133,75.96482157213835,16.853680826343393,10000
0.2,500,0.2,quadratic,0.01,0.6399850223746356,0.014319520684172839,0.6123352423830547,0.6683777694442976,3.200302287906532e-05,7.078562610118106e-07,3.062967823099583e-05,3.338035631453769e-05,0.5119944185042844,63.20255112612876,19997.642872457523,10000
0.2,500,0.2,quadratic,0.1,0.6399724034731291,0.014498358181796709,0.6118556126015983,0.6683756229183305,0.0031998590849600383,7.166741916387665e-05,0.0030592801018704545,0.003341392910046152,0.5126178945954953,62.11195469445218,200.0001832834215,10000
0.2,500,0.2,quadratic,0.3,0.6399862699584382,0.01423347596286065,0.6123307723547229,0.667745655476708,0.02880864087631514,0.0006453846484890305,0.027551398040526143,0.030091591189242747,0.5177507441420138,60.663223860758904,22.21508028463083,10000
0.2,500,0.2,l1,0.01,1.8055049651930266,0.021493599763733346,1.7634646118521877,1.8482474465025178,0.012764961252898315,0.00015190602941495378,0.01247238099981954,0.013068581803504616,1.446956964405001,117.95389970155435,141.44225974701507,10000
0.2,500,0.2,l1,0.1,1.805388027992092,0.02146829185609372,1.7633527409129464,1.84807218681006,0.12767960645515947,0.0015316578740182452,0.12469692631500098,0.13069025914542057,1.4698463436847053,110.23804134322273,14.13998741158508,10000
0.2,500,0.2,l1,0.3,1.8049275765802872,0.021566634434265427,1.7631933134407172,1.8473044291062066,0.3830181979979226,0.004552476693222042,0.37429924200723297,0.3918510386977304,1.5205457008638144,91.23010040826986,4.712380732860314,10000
0.2,500,0.2,log_quadratic,0.01,0.476894972958817,0.008288686537773668,0.46051276470853475,0.4930473463788107,3.199614308138251e-05,7.074890609588976e-07,3.060193950169781e-05,3.3365866223644764e-05,0.3815223775956698,81.36223799469326,14904.764356936079,10000
0.2,500,0.2,log_quadratic,0.1,0.47689422923598096,0.008319400607010943,0.46035740272629294,0.4934732126695981,0.0031936463697897276,7.156224224089636e-05,0.003056014115275025,0.003335554240029647,0.3821541126627427,80.52130649034105,149.32593468931253,10000
0.2,500,0.2,log_quadratic,0.3,0.477048105872554,0.008310956676181471,0.4605924794745419,0.49367369102338127,0.028284137780393463,0.000625255641221558,0.02707215481211814,0.029516248008682657,0.38729531225412195,76.14762803570927,16.86627711887485,10000
0.2,500,0.4,quadratic,0.01,0.6397904928226079,0.014359979471982044,0.6118945122908629,0.6683816208253852,3.199268768483331e-05,7.174405867617232e-07,3.059379647138073e-05,3.342064090665329e-05,0.38388709276863864,63.00532310442174,19998.02264584078,10000
0.2,500,0.4,quadratic,0.1,0.6398049919754356,0.014392216293669024,0.6120958471700828,0.6685376381951427,0.0031998296954570747,7.101136969377363e-05,0.0030642130849946997,0.0033387710733331958,0.3851629270634442,62.55358296389431,199.94970134935375,10000
0.2,500,0.4,quadratic,0.3,0.6401203030617401,0.014301884626534448,0.612352393280267,0.6681637609422765,0.028793780705407834,0.0006380672297873047,0.027554462566359975,0.03003285737174638,0.39558969411920714,60.389742718360154,22.231200189057404,10000
0.2,500,0.4,l1,0.01,1.8051469779113893,0.021755996102407832,1.7626875050921453,1.8479963320623312,0.012766381720833164,0.00015203555891199396,0.012467506440813049,0.01306561735598886,1.0881947394351668,116.50797529711731,141.39848058636784,10000
0.2,500,0.4,l1,0.1,1.8056040312651722,0.02176190249798529,1.76299053735109,1.848481249611793,0.12765538052863856,0.0015272061588530552,0.12464074581733699,0.1306638547062149,1.134424570970559,108.77522492196472,14.144362922956452,10000
0.2,500,0.4,l1,0.3,1.8053108651690735,0.02168758424481213,1.762741338764327,1.8472405793411655,0.3830628635449662,0.004519858538321784,0.37423869715121794,0.3919358553598253,1.2364116645194307,90.79181769304618,4.712831853399319,10000
0.2,500,0.4,log_quadratic,0.01,0.476928696177071,0.00837179184204725,0.4607365563610463,0.4937453945068133,3.1988614657516826e-05,7.051265564788388e-07,3.063629245509738e-05,3.3405367256609506e-05,0.28617001315210566,80.5602673858006,14909.326373875969,10000
0.2,500,0.4,log_quadratic,0.1,0.4768768740960083,0.00831147080903681,0.46054141232866164,0.4933388599186341,0.003192930873936195,7.220333544386646e-05,0.00305167020746325,0.003335071462043354,0.28740329680717946,80.59523954343975,149.35396127386934,10000
0.2,500,0.4,log_quadratic,0.3,0.4770828109763763,0.00839956578978277,0.46068604142880604,0.4934462659651033,0.028291220710279254,0.0006219900362507185,0.027080918525434747,0.029519231869493897,0.2975661748699375,75.35557891446996,16.86328122289309,10000
0.2,500,0.6,quadratic,0.01,0.6398893022568631,0.014259015674272117,0.6125144676902239,0.668421573882027,3.199951098444948e-05,7.076804224164769e-07,3.061145634126052e-05,3.336554861751577e-05,0.2559749206093359,63.46124410571729,19996.846282051763,10000
0.2,500,0.6,quadratic,0.1,0.6397629976969809,0.01446228510420817,0.6118405507639026,0.6691086359573001,0.0032010089755872043,7.128665392188349e-05,0.0030639429293789476,0.0033441075231989423,0.2578258044641447,62.24629477335581,199.86291902840432,10000
0.2,500,0.6,quadratic,0.3,0.6399871778070999,0.014168822343209998,0.6121417594067394,0.667909569797572,0.028802505822268187,0.0006463381796079737,0.027555836160976985,0.03007141949410509,0.27327637461620086,60.93997949330663,22.219843709303387,10000
0.2,500,0.6,l1,0.01,1.8051742427260178,0.021652741047179642,1.7628455027758774,1.8481282256798095,0.012766995967363335,0.00015264832173213214,0.01246856175308626,0.013070144901467703,0.7297298946708254,117.0652548455657,141.3938131836683,10000
0.2,500,0.6,l1,0.1,1.8057538118893048,0.021452939271896957,1.7642549123356617,1.8479626843160593,0.12767174594102693,0.0015294779806830391,0.12470647709789451,0.13068801390468757,0.7989045723203381,110.34189675734967,14.143723018587085,10000
0.2,500,0.6,l1,0.3,1.8054440849538562,0.021780442998561574,1.762611670038951,1.8475864038075798,0.3829369702366831,0.004596930267226623,0.37411226575336753,0.39195071517857055,0.9519398161235522,90.37308036286669,4.714729120664321,10000
0.2,500,0.6,log_quadratic,0.01,0.4770669448495286,0.008390482312993905,0.46086608909012683,0.49350494470907325,3.1990040799246655e-05,7.152551337560282e-07,3.063793475788414e-05,3.3432191594655446e-05,0.19084597196429098,80.40411447153073,14912.98332013266,10000
0.2,500,0.6,log_quadratic,0.1,0.47696816006568415,0.008288644269662493,0.46091239907524856,0.4934385126473884,0.0031924662059838434,7.126118564947055e-05,0.003055424237356196,0.0033341796033198477,0.192702743749864,80.83291171858015,149.40429413839126,10000
0.2,500,0.6,log_quadratic,0.3,0.47694467001156954,0.008285612633550384,0.4610949507266611,0.49336485189478685,0.028296528955439628,0.0006201786258948134,0.027105171049746454,0.02952040100689728,0.2077557853778916,76.36301480152696,16.85523587584347,10000
0.2,500,0.8,quadratic,0.01,0.6399995349128603,0.014417911177469453,0.6120662205304283,0.6686448387612672,3.1989589716955276e-05,7.117858218218785e-07,3.0616167099077176e-05,3.3383792158754725e-05,0.1280254986543456,62.77267003739129,20006.494005568464,10000
0.2,500,0.8,quadratic,0.1,0.6397838337513764,0.014220632800886314,0.6126336080933392,0.6683201840017429,0.003199775606460225,7.140408902733238e-05,0.003060743290560982,0.0033403803845790787,0.13051658723544343,63.30621658411891,199.94646888978002,10000
0.2,500,0.8,quadratic,0.3,0.6399778036410513,0.01441381968404218,0.6125038799355773,0.6689684030510936,0.028800175348198957,0.0006405946789961557,0.027569924900321768,0.030057805373981384,0.15103570100676944,59.906628465096965,22.221316221294217,10000
0.2,500,0.8,l1,0.01,1.805269215608017,0.0215810439290546,1.7631250561769822,1.847696375496839,0.012764442387909329,0.00015347300575202996,0.012466937967992123,0.013065975742347986,0.3712653970319308,117.46051167530322,141.42954002581382,10000
0.2,500,0.8,l1,0.1,1.805466993045023,0.02168871568982133,1.7624318218025454,1.8475908313878224,0.12767023149908832,0.0015343913591303274,0.12468871690466572,0.13076459102494561,0.4632295838082752,109.12805161146744,14.141644233314604,10000
0.2,500,0.8,l1,0.3,1.8055331247055095,0.021720146947606482,1.7627675968258154,1.8488787847256996,0.3830201963482004,0.004625546465072596,0.3738813070277149,0.3921349996979523,0.6675227820196622,90.589339653758,4.713937128955243,10000
0.2,500,0.8,log_quadratic,0.01,0.4769923589109597,0.008270993230005682,0.46082562338388905,0.49352157717298334,3.2001929740315126e-05,7.227950184245341e-07,3.060719977625101e-05,3.345534253352919e-05,0.09542407332598415,81.55293859200357,14905.112372334792,10000
0.2,500,0.8,log_quadratic,0.1,0.47713542564921424,0.008311071251997716,0.46103003434101353,0.49354224376949085,0.0031939243316494196,7.104149141536694e-05,0.0030572085159476514,0.003334560345777366,0.09798222459516236,80.64303551737075,149.3884563642151,10000
0.2,500,0.8,log_quadratic,0.3,0.47685598802824253,0.008408713018433217,0.46026322131756914,0.49327891181694716,0.028301412681849797,0.0006188971614070921,0.02708505108495414,0.029510893715570613,0.11801232775112833,75.23632859921108,16.84919383314243,10000
0.2,500,1.0,quadratic,0.01,0.6398452898906343,0.014521507895866,0.6122476714236352,0.6686987379564138,3.202153782027651e-05,7.148701381558893e-07,3.0655872185929474e-05,3.346869557964409e-05,3.202153782027651e-05,62.30982394410946,19981.71647726034,10000
0.2,500,1.0,quadratic,0.1,0.639640189439307,0.014271404502794833,0.6121231144159023,0.6680124629620888,0.0032003619933998217,7.291669840019283e-05,0.0030610321453761196,0.0033438782728167893,0.0032003619933998217,63.06667908473131,199.86494988955977,10000
0.2,500,1.0,quadratic,0.3,0.639972499752931,0.014341080079799187,0.6122403489751869,0.6687745700895632,0.028800651793969814,0.0006460137413820684,0.027559386338478677,0.030069370265658237,0.028800651793969814,60.20829026733816,22.220764458078214,10000
0.2,500,1.0,l1,0.01,1.805031076057945,0.021530616293940954,1.7630448691943315,1.8472916149901173,0.012768754032889072,0.00015217904100549244,0.012476492634951694,0.01307063258731899,0.012768754032889072,117.71973172063639,141.3631331145265,10000
0.2,500,1.0,l1,0.1,1.805508145333052,0.021921196300441124,1.7622140610388939,1.8480910737503835,0.1276422159010509,0.0015307908697462045,0.12467844086901339,0.13061400773902915,0.1276422159010509,107.98207514953471,14.145070520655125,10000
0.2,500,1.0,l1,0.3,1.8054602724767415,0.021582300584433133,1.763160425805866,1.8468712961225573,0.383030129491253,0.004600982489095549,0.37399832238618125,0.3920893530750949,0.383030129491253,91.15850359701328,4.713624682410191,10000
0.2,500,1.0,log_quadratic,0.01,0.47689593897792637,0.008221348994003595,0.46094906554169124,0.4933299251125405,3.199857590749146e-05,7.258728499602585e-07,3.0589499482188894e-05,3.343946887305381e-05,3.199857590749146e-05,82.028806925305,14903.661349075106,10000
0.2,500,1.0,log_quadratic,0.1,0.47691242363414377,0.008283175462037313,0.4605540625487916,0.49320938965330274,0.0031934055434212436,7.13948540044609e-05,0.0030530079422535763,0.0033345414399946656,0.0031934055434212436,80.87658883004454,149.3428933937421,10000
0.2,500,1.0,log_quadratic,0.3,0.47688730416078495,0.008312908030246025,0.4606904288580945,0.49315723351129626,0.028304360293336727,0.0006265017122795862,0.02707396510339638,0.029541464012697447,0.028304360293336727,76.09829031980684,16.848545567484575,10000
0.2,1000,0.0,quadratic,0.01,0.6400580929151334,0.010194047467770613,0.620222065334892,0.6601237095338633,3.199733883533062e-05,5.078541024656608e-07,3.1014591172936035e-05,3.3000599732781594e-05,0.6400580929151334,88.7904030636637,20003.47892082819,10000
0.2,1000,0.0,quadratic,0.1,0.6400096815706058,0.010204062328787303,0.6200606800903686,0.6601932779842475,0.0031998691787164576,5.0989671401732106e-05,0.003100081918521216,0.003299769380028976,0.6400096815706058,88.25640227720442,200.01120227900336,10000
0.2,1000,0.0,quadratic,0.3,0.6401003985952788,0.010092664647193777,0.6206540900655625,0.6603975218021354,0.02880514364916894,0.0004542239619494662,0.027912024257650183,0.029696063715899192,0.6401003985952788,85.56985508171601,22.22173950567146,10000
0.2,1000,0.0,l1,0.01,1.8054308083867516,0.015214560939931785,1.7753650988099758,1.8352964857881269,0.012765224503356046,0.000106265194831204,0.012558192853989557,0.01297574303905062,1.8054308083867516,166.62657285514604,141.4335335749163,10000
0.2,1000,0.0,l1,0.1,1.8053227049504341,0.0154914420029636,1.7745654886674513,1.8356694432260854,0.1276751095790115,0.0010937977828571225,0.12555395424695903,0.1298149998533154,1.8053227049504341,152.77209655758384,14.139973804629584,10000
0.2,1000,0.0,l1,0.3,1.805598739652539,0.015128643376142881,1.7760099544788,1.834973215745902,0.3829074751687853,0.0032572723535720326,0.3765452467603443,0.3893150670952133,1.805598739652539,130.01273475251193,4.715496188358904,10000
0.2,1000,0.0,log_quadratic,0.01,0.47694582090511467,0.00589999334124556,0.4653874180780828,0.48852438146806126,3.200691814227242e-05,5.04385150492911e-07,3.102443501204392e-05,3.2991518739515884e-05,0.47694582090511467,114.31504111095653,14901.33535459633,10000
0.2,1000,0.0,log_quadratic,0.1,0.4769607310311036,0.005935847899191694,0.4654726982156192,0.48871061829158274,0.003193647704460277,5.070582456043698e-05,0.0030949923037909377,0.0032953164196411807,0.4769607310311036,112.87071397361711,149.3466954307377,10000
0.2,1000,0.0,log_quadratic,0.3,0.47688746601230797,0.00582935236229244,0.4653699142504925,0.48826779001189147,0.028300738644194058,0.00044044534358141525,0.027425494489819933,0.029160442377923163,0.47688746601230797,108.51880152283739,16.85070739700083,10000
0.2,1000,0.2,quadratic,0.01,0.640040985852552,0.010116167268830379,0.6200493004813526,0.6594035594441974,3.1998888938399115e-05,5.1142914651234e-07,3.099762612718972e-05,3.3009081261613665e-05,0.5120391884598292,89.47157200896937,20001.975289976202,10000
0.2,1000,0.2,quadratic,0.1,0.6398636588226773,0.010113041702930831,0.620422597420476,0.6596788971712484,0.003200197247261531,5.0494156545565866e-05,0.00310080305718277,0.003300148760251776,0.5125309665075942,89.03027452730059,199.94506881418658,10000
0.2,1000,0.2,quadratic,0.3,0.639996396595457,0.01012197945629669,0.6205419394854059,0.6602326361539196,0.02880077659053501,0.000453145057055008,0.027923357425228515,0.02969088564931756,0.5177572725944727,85.30903044150018,22.22149790244834,10000
0.2,1000,0.2,l1,0.01,1.8052976993773424,0.015296248170183248,1.775221936669842,1.8349878526650085,0.012767310450471879,0.00010747030510602848,0.012555959400549929,0.012977153244585475,1.4467916215919683,165.7241823079981,141.40000013163453,10000
0.2,1000,0.2,l1,0.1,1.805232409036509,0.015269013149351984,1.7757920282515092,1.8347659443414022,0.1276764505757892,0.0010800455399385515,0.12558896837460212,0.12980697418215917,1.4697212173443652,154.98771899504314,14.139118066764526,10000
0.2,1000,0.2,l1,0.3,1.8054306077095506,0.015441162652168106,1.7747683936313994,1.8360702497315504,0.38301609095133243,0.0032556243443966557,0.3767268160352679,0.389409334237939,1.5209477043579067,127.47251826631503,4.713719998617384,10000
0.2,1000,0.2,log_quadratic,0.01,0.47687552920803267,0.005834159319474832,0.4654850102030194,0.4880331973470523,3.199893472193721e-05,5.13217031861061e-07,3.1006215290065236e-05,3.301757598090261e-05,0.3815068231533705,115.58796188203686,14902.856402938489,10000
0.2,1000,0.2,log_quadratic,0.1,0.47702060923798645,0.005928682917067825,0.4655351649652194,0.48872868275227027,0.0031938609216945954,5.043398125851068e-05,0.0030949500677946336,0.003294112119935041,0.38225525957472806,113.02138749502772,149.3554731822478,10000
0.2,1000,0.2,log_quadratic,0.3,0.4769135174784593,0.00588616294385518,0.4654071037256509,0.4884067174898057,0.028297727930664405,0.00044503259966164515,0.027421823035281265,0.029195447266948504,0.3871903595689004,107.47798520018459,16.853420834598495,10000
0.2,1000,0.4,quadratic,0.01,0.6399703160203075,0.010086821438578534,0.6205039248642494,0.6597373154108788,3.1999751394148e-05,5.046272684299346e-07,3.100657110052211e-05,3.297754201576489e-05,0.38399498951274225,89.721965470293,19999.22774829254,10000
0.2,1000,0.4,quadratic,0.1,0.6401157316647301,0.01003873320384504,0.620782153000885,0.660062330759056,0.003199906969797872,5.047724845009331e-05,0.0031031642379041637,0.0032999869164255847,0.38534940178675725,89.72482807633017,200.0419817533521,10000
0.2,1000,0.4,quadratic,0.3,0.6401789435048062,0.010041586644594576,0.6205204135487692,0.6597240283924408,0.028798603251779936,0.000452653486131764,0.02790439773470129,0.029683418447894055,0.3956268074035957,86.01680918924075,22.22951362980561,10000
0.2,1000,0.4,l1,0.01,1.8054906626532756,0.015279401660622347,1.7755764449141649,1.8353273141233384,0.012765139925697968,0.00010791205449992231,0.012551213137265803,0.012977167383293237,1.0884004535622445,165.92492141482865,141.4391595519119,10000
0.2,1000,0.4,l1,0.1,1.8051225279344518,0.015129278810840934,1.775842434974805,1.8352720927599044,0.12765598244452797,0.001074364342898861,0.12556951988592369,0.129737633465911,1.1341359097384822,156.4077877310639,14.140524348076326,10000
0.2,1000,0.4,l1,0.3,1.8055423018150447,0.015234474319743493,1.7758752201890702,1.8356581315548313,0.3829749923869063,0.003277499421690721,0.3765556994094238,0.38929915136113713,1.2365153780437892,129.10277284082673,4.714517495155318,10000
0.2,1000,0.4,log_quadratic,0.01,0.4769103113101299,0.005952814747027693,0.4654964779315929,0.48844283523090776,3.2004995195270994e-05,5.067804022274405e-07,3.103195346761125e-05,3.30158094883604e-05,0.2861589887841561,113.2922482233986,14901.121165629715,10000
0.2,1000,0.4,log_quadratic,0.1,0.4769070778660116,0.005913516628879492,0.4652684048077002,0.48855134062498895,0.0031941493928308137,5.059694537999745e-05,0.003094287783708734,0.003292189920490312,0.28742190647673926,113.28398471382624,149.3064410000413,10000
0.2,1000,0.4,log_quadratic,0.3,0.47688890244598153,0.005909721645707947,0.46556752213481634,0.4887818388924583,0.02829345189473805,0.0004398059728009588,0.02744146264837689,0.02917894296845698,0.2974507222254841,107.05414720694353,16.855097929378925,10000
0.2,1000,0.6,quadratic,0.01,0.6401751568341263,0.010349920860834786,0.6199637037011746,0.6607092716362536,3.1987588365308985e-05,5.000851812877612e-07,3.101993437955692e-05,3.29646453671822e-05,0.25608925528666976,87.46918579608091,20013.236056532656,10000
0.2,1000,0.6,quadratic,0.1,0.6399739554453496,0.010118869362804265,0.6202158546407242,0.659617947628236,0.0032005641360549624,5.052545483787872e-05,0.0031022582659185035,0.0032992626017006852,0.25790992065977286,88.9943637016363,199.9566102225297,10000
0.2,1000,0.6,quadratic,0.3,0.6402533225362496,0.010102758050859044,0.6206452888047052,0.6603867572016136,0.02879752790778819,0.0004573209935107609,0.027923251867517804,0.029711508056360386,0.27337984575917273,85.50580701435679,22.232926540999905,10000
0.2,1000,0.6,l1,0.01,1.8055873801270008,0.015293842910638393,1.7758732227594012,1.8360772819216988,0.012765694785652681,0.00010842050130744636,0.012556348574188475,0.012982255624967062,0.7298943689221921,165.77710709762752,141.4405882675727,10000
0.2,1000,0.6,l1,0.1,1.8058126841024673,0.015346886393421693,1.7758380245635879,1.8361408208362238,0.12765175843680623,0.0010790505593894083,0.1255479264375548,0.1297439867211703,0.7989161287030707,154.26147538148155,14.146398813584941,10000
0.2,1000,0.6,l1,0.3,1.8054557815862216,0.01525168106016202,1.7757889232427204,1.8353978563253748,0.3829882297226895,0.0032154241479533546,0.3767181473981606,0.3893781596462685,0.9519752504681023,129.06143114803942,4.714128637565439,10000
0.2,1000,0.6,log_quadratic,0.01,0.4769336558616982,0.0058495233429976725,0.46566561680708474,0.4884217542506412,3.199568212494089e-05,5.037730379919238e-07,3.1000536307263744e-05,3.298826309084108e-05,0.19079265975395426,115.29841898150346,14906.188091233867,10000
0.2,1000,0.6,log_quadratic,0.1,0.4768675509180618,0.005909665233910524,0.465255190420007,0.48859961034682436,0.0031938484201253486,5.0449138669055965e-05,0.0030968956430570587,0.003294541241757602,0.19266332941929995,113.34844534423216,149.30813494879206,10000
0.2,1000,0.6,log_quadratic,0.3,0.476936762666592,0.005898044964599715,0.46548659808828735,0.4885395683679716,0.028298374836626995,0.0004399432425335595,0.027449102288233766,0.029167696776841386,0.20775372996861302,107.27499900928703,16.853856994264063,10000
0.2,1000,0.8,quadratic,0.01,0.6400489110065619,0.010132472824715008,0.6202038584317573,0.660045278096169,3.1995841414185865e-05,5.043301610799468e-07,3.102263284619815e-05,3.299988582014476e-05,0.12803537887444372,89.32869755602036,20004.128121562262,10000
0.2,1000,0.8,quadratic,0.1,0.6400484449203335,0.010193819333984066,0.6207395755877304,0.6603822440245085,0.0031998240792923604,5.018610913410555e-05,0.003103995533156482,0.0033007371489074716,0.13056954824750058,88.35050070021822,200.02613551863763,10000
0.2,1000,0.8,quadratic,0.3,0.6400698396402595,0.010019541501725706,0.6207204542908369,0.6598955437261013,0.02879056973578187,0.00045557204580318813,0.02790124418311402,0.029700297995228112,0.15104642371667737,86.19029294137606,22.231926825843935,10000
0.2,1000,0.8,l1,0.01,1.8053318344738534,0.0151621269280339,1.7757089084620743,1.8355495317560802,0.012768953296165418,0.00010800015639026884,0.012555291353331315,0.012980627388341114,0.3712815295317029,167.1930620983991,141.38448098294822,10000
0.2,1000,0.8,l1,0.1,1.8055495855629382,0.015340759624633937,1.7754924278992337,1.8353243010693303,0.12765339012673735,0.0010706826325035713,0.12558719008030667,0.12976660244157817,0.46323262921397745,154.3043048148133,14.14415695321797,10000
0.2,1000,0.8,l1,0.3,1.8055588996265164,0.015170026851897746,1.7757689147808173,1.8352529781149762,0.3829076196992869,0.0032615018821778668,0.3766087750883935,0.3893137091940105,0.6674378756847327,129.66264529506512,4.715390362418215,10000
0.2,1000,0.8,log_quadratic,0.01,0.47686998080459386,0.005867086679021258,0.46557629529231814,0.4882817013442197,3.199685246761711e-05,5.098443040482253e-07,3.10051926932193e-05,3.301022938237437e-05,0.09539959364289285,114.93792035233304,14903.652829203036,10000
0.2,1000,0.8,log_quadratic,0.1,0.4769396395682491,0.005846994584914486,0.4655361662074333,0.4884878627135959,0.003193528276776997,4.9891729502698355e-05,0.0030965728116174487,0.003291384619408902,0.0979427505350714,114.58088026543422,149.3456760776174,10000
0.2,1000,0.8,log_quadratic,0.3,0.4769840816193564,0.005842746842973335,0.4658084797183144,0.4885534563771417,0.028289862220739554,0.0004443338649741668,0.027437121483702465,0.0291607982668596,0.11802870610046291,108.2919482221775,16.860601083793014,10000
0.2,1000,1.0,quadratic,0.01,0.6399907428705708,0.010157635868242657,0.6201672600959257,0.6600674105471138,3.2006132529793283e-05,5.13462154825333e-07,3.102007595901726e-05,3.300817621604399e-05,3.2006132529793283e-05,89.09930769691728,19995.878673401978,10000
0.2,1000,1.0,quadratic,0.1,0.6399011056975551,0.010069694901133299,0.620719515499181,0.659924641869516,0.0032004102943356144,5.0023019646069783e-05,0.003102554758437896,0.0033003915553611865,0.0032004102943356144,89.41876167189312,199.94345938397709,10000
0.2,1000,1.0,quadratic,0.3,0.6400622616034818,0.010146506143835849,0.6200583363238538,0.6599239909342252,0.028798634640531975,0.00045972359493168366,0.0278958479669993,0.02970991962574334,0.028798634640531975,85.11021977543396,22.225437754005217,10000
0.2,1000,1.0,l1,0.01,1.8054705329377474,0.015155097195690347,1.7757531696532562,1.8353362859566924,0.012766917037010685,0.00010853332892063022,0.012555832570056023,0.012979940054086538,0.012766917037010685,167.28370154112343,141.41789499405175,10000
0.2,1000,1.0,l1,0.1,1.8054868318477602,0.015470934705505155,1.7747521608062706,1.8352113457587909,0.12765436503576058,0.0010775750335195624,0.12554590200565052,0.12974610352374139,0.12765436503576058,153.00165551975772,14.143557342061733,10000
0.2,1000,1.0,l1,0.3,1.8053522308727918,0.015059723318669288,1.7761638993171465,1.835049100363905,0.3829623693601824,0.003252734038852863,0.3766900536398818,0.38937276359368467,0.3829623693601824,130.5616585384815,4.7141765753356,10000
0.2,1000,1.0,log_quadratic,0.01,0.4770201816087243,0.005882916755406222,0.465451388823407,0.4884409567373186,3.2010368841583124e-05,5.088852410262841e-07,3.102585136658347e-05,3.30179797132482e-05,3.2010368841583124e-05,114.66474308264279,14902.05201850253,10000
0.2,1000,1.0,log_quadratic,0.1,0.47694354697696134,0.005916480185330503,0.4653761772399826,0.48869323106513285,0.003193657934210177,5.003877155829962e-05,0.003098211784115333,0.0032932148169686894,0.003193657934210177,113.23617027247906,149.34083637072865,10000
0.2,1000,1.0,log_quadratic,0.3,0.4771039712375343,0.005850861358827426,0.4656296229765364,0.4885580644281383,0.028293435866632143,0.00043778474621698256,0.02744813742820995,0.029159300792024244,0.028293435866632143,108.17973105956082,16.862708844782148,10000
0.2,5000,0.0,quadratic,0.01,0.6400144028642037,0.0045536354736599805,0.631040838824834,0.6490736822034772,3.2002969686511036e-05,2.2721290401244538e-07,3.156475351077726e-05,3.2449872796070586e-05,0.6400144028642037,198.75806786017773,19998.594165902174,10000
0.2,5000,0.0,quadratic,0.1,0.6400566732445903,0.004518919839814235,0.631359012526013,0.6490051465095282,0.0032002875422070644,2.2288783400798568e-05,0.003156863718923258,0.0032441915983936077,0.6400566732445903,199.30426177633967,199.9997390244434,10000
0.2,5000,0.0,quadratic,0.3,0.6400603581265064,0.004581660065185763,0.6310630296585872,0.6490405435027902,0.02880144971075611,0.00020513273999883154,0.02840515245813575,0.029203736279031292,0.6400603581265064,188.48746844183125,22.223199337339995,10000
0.2,5000,0.0,l1,0.01,1.8053898280007918,0.0068819614254525974,1.7919775210591364,1.819022766928605,0.012765796850922112,4.774452616973709e-05,0.012672126106269964,0.012860033782760545,1.8053898280007918,368.36768664389314,141.4239823086628,10000
0.2,5000,0.0,l1,0.1,1.8053734173296405,0.006832061392068065,1.7921154111266928,1.8186115849612416,0.1276597184241562,0.0004821383320221717,0.12670373591305642,0.12860284758739385,1.8053734173296405,346.4195178142903,14.142075821687085,10000
0.2,5000,0.0,l1,0.3,1.8053561250902967,0.006910442841999876,1.7918713823017964,1.8186694754426473,0.38297267609980495,0.0014474790399866733,0.38012452047693984,0.3858003427517132,1.8053561250902967,284.9060366574421,4.714059873607824,10000
0.2,5000,0.0,log_quadratic,0.01,0.47696199025499825,0.002606550111288408,0.471860361758595,0.48205335202572525,3.1999069693608e-05,2.252226079143188e-07,3.156184337632465e-05,3.2441282295378456e-05,0.47696199025499825,258.7638182737588,14905.495529148906,10000
0.2,5000,0.0,log_quadratic,0.1,0.4769393979291324,0.002632109038962931,0.4717624046032455,0.48209927036876365,0.003193662957526397,2.262063110918335e-05,0.0031499105733601104,0.0032382787480353414,0.4769393979291324,254.5308317878504,149.33930232216443,10000
0.2,5000,0.0,log_quadratic,0.3,0.4769078284003792,0.0025978008429368322,0.4718342187723708,0.48200500112095507,0.02829280375608613,0.0001963670190718313,0.027908665565131295,0.02867788752205278,0.4769078284003792,243.5262343294881,16.856152981932393,10000
0.2,5000,0.2,quadratic,0.01,0.6399880180259266,0.004501431227971375,0.631059802641967,0.6487404185206448,3.19996871169816e-05,2.2707736615814576e-07,3.155579619794466e-05,3.2442231504364614e-05,0.5119968143581647,201.0548275583337,19999.821113447626,10000
0.2,5000,0.2,quadratic,0.1,0.6400361463578264,0.004537799630534489,0.6311988917432678,0.648858030423077,0.0032005538809773454,2.249248026572812e-05,0.003156826419619142,0.0032445941705217226,0.5126690278624566,198.4685402211629,199.97668221176144,10000
0.2,5000,0.2,quadratic,0.3,0.6400345359333404,0.004454917777026318,0.6314794142956693,0.6488144301924846,0.02880232698378618,0.0002003847419041013,0.028410464163119528,0.029192413561843815,0.5177880941434295,193.83965881608745,22.22162592257347,10000
0.2,5000,0.2,l1,0.01,1.805354127298759,0.0068765862282122985,1.7919243899271031,1.8187772975017744,0.012766383624875189,4.833913796617203e-05,0.012673131600633037,0.012861332530538927,1.4468365785639825,368.6479281996545,141.41468565781165,10000
0.2,5000,0.2,l1,0.1,1.8054338773119147,0.006802889079412211,1.7919399828182598,1.8187887280454826,0.127667330897391,0.00047965230227568875,0.12672908223161905,0.12862701525727474,1.4698805680290101,347.9175352442377,14.1417061406491,10000
0.2,5000,0.2,l1,0.3,1.8055532781375492,0.006809905176333085,1.792206188039907,1.8189925693151165,0.3829859613853111,0.001455693986330673,0.38013003506846144,0.38583069816296517,1.5210398147871016,288.89796084640324,4.714411127777695,10000
0.2,5000,0.2,log_quadratic,0.01,0.4769810168673788,0.002662046012688188,0.47179862193789995,0.4821762272013149,3.199781385076883e-05,2.2724895963536326e-07,3.155896813406439e-05,3.245025983303623e-05,0.3815912130566732,253.3794553638113,14906.67515886927,10000
0.2,5000,0.2,log_quadratic,0.1,0.47693062259838287,0.0026207215986184264,0.4717889968495745,0.4820280592093847,0.0031935616648829193,2.2757701386447354e-05,0.003149097912946292,0.0032382847842586065,0.3821832104116829,255.63192905274207,149.34129121188204,10000
0.2,5000,0.2,log_quadratic,0.3,0.4769127997235888,0.0026108693895478523,0.4718632187939946,0.481919795838164,0.028296904076589625,0.0001945334975894791,0.027914553827268537,0.02868233185906169,0.38718962059418893,242.3272910756603,16.85388615068122,10000
0.2,5000,0.4,quadratic,0.01,0.6400258408952842,0.004573746474888477,0.6310932689069303,0.649009832153167,3.1999459461086124e-05,2.2413031798739744e-07,3.1562285690575404e-05,3.244653228064304e-05,0.38402830432095497,197.88765605534482,20001.145384146454,10000
0.2,5000,0.4,quadratic,0.1,0.6399565699141565,0.004427065329261594,0.6312228691742748,0.6485264273350967,0.003199835010804318,2.258962608216724e-05,0.003155505973344037,0.0032450160400115365,0.38525387595281574,203.4074992179282,199.99673975480863,10000
0.2,5000,0.4,quadratic,0.3,0.6400578787094,0.0044843139959845745,0.6311902668036322,0.6487906316881995,0.02879819798263381,0.00020631166331833004,0.02839379981128609,0.029208460201234646,0.39555400641869354,192.5686507884138,22.225622557889714,10000
0.2,5000,0.4,l1,0.01,1.8053618360177879,0.006813247729540226,1.7920576824258285,1.8186395410210021,0.012767352012877589,4.855709752706401e-05,0.01267253816603698,0.012862009892675927,1.0883240424158238,372.0761598943207,141.4045633109229,10000
0.2,5000,0.4,l1,0.1,1.8053885612120073,0.006823590136642437,1.7921382595695563,1.81857810332517,0.12765817842224947,0.0004857349279614852,0.12672313337891958,0.12861430606445576,1.1342964080961042,346.8379993448202,14.142365052714455,10000
0.2,5000,0.4,l1,0.3,1.805382160825326,0.0068237944168022735,1.791913130598417,1.8186603114040079,0.38297283522934855,0.001441008088706244,0.38014008997535664,0.3858312413589921,1.2364184305869346,288.4295777766171,4.714125898104883,10000
0.2,5000,0.4,log_quadratic,0.01,0.4769377738933999,0.00262106324527531,0.4718389632359677,0.482072726551013,3.200144792771167e-05,2.2397153859598157e-07,3.1558201340225815e-05,3.2445480472648835e-05,0.28617546491521106,257.31794534901445,14903.631078529901,10000
0.2,5000,0.4,log_quadratic,0.1,0.476989282386963,0.0026445580100809257,0.47182884450235224,0.48219508994991933,0.003193498013207045,2.2450077730146555e-05,0.003149341852865896,0.0032371712832027456,0.2874709686374606,253.35964611226652,149.3626363361818,10000
0.2,5000,0.4,log_quadratic,0.3,0.476981305172472,0.0026151896080369406,0.47187707912968313,0.4821525759308284,0.028293161248085768,0.0001982442418611851,0.02791245992510383,0.028682240040586168,0.29750604760271754,241.94250316997795,16.858536979664766,10000
0.2,5000,0.6,quadratic,0.01,0.6400201790877073,0.00453863268718648,0.6311901656294603,0.6489985485802487,3.200117693107929e-05,2.2531974226493216e-07,3.156320760059489e-05,3.245363608322311e-05,0.2560272723412415,199.41687777461303,19999.89501842742,10000
0.2,5000,0.6,quadratic,0.1,0.6400350259683839,0.004518407227503821,0.6311786637373938,0.6487512296891041,0.0032000396665006065,2.2480361387953988e-05,0.0031558641246763035,0.0032448845081299305,0.2579340341872539,199.32013268075474,200.00846635388498,10000
0.2,5000,0.6,quadratic,0.3,0.640036985075255,0.004468452534400371,0.631374925793143,0.6487315958960361,0.02880257416196407,0.00020504824134316238,0.028405310222479316,0.029201792624402804,0.2732963385272804,193.2452719899777,22.2215202528832,10000
0.2,5000,0.6,l1,0.01,1.8053434338249856,0.006788857009007908,1.7920280042648187,1.818716328609099,0.01276629703365774,4.814578801014873e-05,0.012671592560322692,0.012859940553025964,0.7297971517501889,373.4094187900916,141.41480721193335,10000
0.2,5000,0.6,l1,0.1,1.8054882160050245,0.006826957495764437,1.792061146937383,1.8187644299673786,0.12765552645541256,0.00048337188082524387,0.1267165200766597,0.1285914030997693,0.7987886022752573,346.6973995061226,14.143439505814456,10000
0.2,5000,0.6,l1,0.3,1.8054590176448972,0.0068781901477547695,1.7918232323479284,1.8189938136114048,0.38297255786164836,0.0014378781682541945,0.3802097053518639,0.3858014437345389,0.9519671417749478,286.28646653151924,4.71432999723477,10000
0.2,5000,0.6,log_quadratic,0.01,0.47692258662267323,0.0026189638998479208,0.4717977599837504,0.48203206862898523,3.199865690812389e-05,2.276324901730541e-07,3.1557644435376396e-05,3.244260373628811e-05,0.19078823384321417,257.5160103432251,14904.456396155521,10000
0.2,5000,0.6,log_quadratic,0.1,0.4769570248671568,0.0026286990055257972,0.47178694236148133,0.48211566085863383,0.0031936220077151967,2.251884947353421e-05,0.003150047235455952,0.003238183789190027,0.1926989831514919,254.87058250561694,149.34673662534806,10000
0.2,5000,0.6,log_quadratic,0.3,0.47694692497356117,0.002620043348718215,0.471872466194515,0.48206668620176085,0.0282951125316443,0.00019796619594596545,0.02791297757661355,0.028680285414554297,0.20775583750841106,241.47922026302757,16.856159325754927,10000
0.2,5000,0.8,quadratic,0.01,0.6400323783542573,0.004595476466335678,0.6311385931202698,0.6491599740332001,3.200046965310982e-05,2.2706647289281438e-07,3.156841491952969e-05,3.2447479045963016e-05,0.12803207604657396,196.95394369958515,20000.718279834957,10000
0.2,5000,0.8,quadratic,0.1,0.6400444837174553,0.004467278269130771,0.631335167463825,0.6486177899517627,0.0031999056661009685,2.2326471187856655e-05,0.0031554731618127687,0.0032437666877997654,0.13056882127637182,201.60440819362552,200.0197976140149,10000
0.2,5000,0.8,quadratic,0.3,0.6399994917020054,0.004512842335605016,0.6311409502377927,0.648843450650872,0.02879465899757151,0.00020387805475347278,0.028399970006168604,0.02919553868122395,0.15103562553845828,191.3413672601323,22.22632647797572,10000
0.2,5000,0.8,l1,0.01,1.8053722347533288,0.006783670174892461,1.792044690904964,1.8185068304593073,0.012766576588544607,4.839061939015334e-05,0.012672303558561979,0.012861769128927074,0.37128770822150137,373.7007652829819,141.41396655805764,10000
0.2,5000,0.8,l1,0.1,1.8053870969339063,0.006871643598438977,1.7921104499464182,1.818651141424756,0.12765671056805078,0.00047892105846072784,0.12672398030783655,0.12858611375422596,0.4632027878412218,344.4485156176496,14.142516197544484,10000
0.2,5000,0.8,l1,0.3,1.8054505024538305,0.006779827099898267,1.7923498735569918,1.8186649807105841,0.3829860518134772,0.001458176465631862,0.3801712738391437,0.3858260106176856,0.6674789419415478,290.0804708019829,4.714141661047033,10000
0.2,5000,0.8,log_quadratic,0.01,0.47695954016478265,0.002614533400873591,0.4719098359766559,0.48207845953389916,3.199830532611424e-05,2.254230595649884e-07,3.1554098702574695e-05,3.244168075736009e-05,0.09541750667721739,257.9723767287092,14905.775018514174,10000
0.2,5000,0.8,log_quadratic,0.1,0.4769416128599183,0.002626562531295632,0.4718275244679523,0.4820619464751607,0.0031934059923747695,2.2380079463959202e-05,0.003150175050804673,0.0032374600813180935,0.09794304736588345,255.06981528311513,149.35201286612534,10000
0.2,5000,0.8,log_quadratic,0.3,0.47693727243156026,0.0026264557999784834,0.4718246216207586,0.48209070974877416,0.028296761752591295,0.00019529584931111176,0.027914824225318716,0.028679051136682912,0.11802486388838507,240.90515284842866,16.854835779499908,10000
0.2,5000,1.0,quadratic,0.01,0.6400257098722896,0.004536361641812342,0.6311978109004583,0.649037376660373,3.2001213355069656e-05,2.2709380181079423e-07,3.1557954169027545e-05,3.244190042759919e-05,3.2001213355069656e-05,199.51843634830067,20000.045084881014,10000
0.2,5000,1.0,quadratic,0.1,0.640011921229171,0.004533432167253301,0.6313630597373874,0.6489101568758493,0.003199782458529908,2.281379504477523e-05,0.0031546978075877477,0.003244484483448814,0.003199782458529908,198.652351430648,200.0173229036373,10000
0.2,5000,1.0,quadratic,0.3,0.6400592718024968,0.004535605427113703,0.6311747093277771,0.6489560796597577,0.02879506556465975,0.00020168068084529936,0.028401376175043923,0.02919302340875931,0.02879506556465975,190.40562319380822,22.228088710728375,10000
0.2,5000,1.0,l1,0.01,1.8053782170290036,0.006746144261011976,1.7923087506376758,1.818721243979608,0.01276561867095095,4.7942842532724404e-05,0.012671967325456866,0.01286016454084933,0.01276561867095095,375.78102901251714,141.42504672627163,10000
0.2,5000,1.0,l1,0.1,1.8053512159531353,0.006893426502336354,1.791852392524549,1.8188073382809071,0.12765742221847218,0.00048559235823485153,0.12671511172462857,0.1286063516840402,0.12765742221847218,343.3346891865556,14.142156284994284,10000
0.2,5000,1.0,l1,0.3,1.805348974938814,0.006853630780740101,1.7917265600472476,1.8185753654723433,0.38300627933325376,0.001452518052092899,0.38018740195861417,0.3858944067876543,0.38300627933325376,287.1162928094141,4.713627614882992,10000
0.2,5000,1.0,log_quadratic,0.01,0.4769127750623747,0.002624225317363803,0.4716975526479613,0.4820231795285266,3.199957811902096e-05,2.2751449832711448e-07,3.155966341295864e-05,3.24527325041924e-05,3.199957811902096e-05,256.994417867942,14903.720708083074,10000
0.2,5000,1.0,log_quadratic,0.1,0.47694377434138396,0.0026497974631043905,0.4718572016062743,0.48222755371537457,0.003193406723236009,2.2591228901575972e-05,0.003149852831146166,0.003237541610537017,0.003193406723236009,252.83436046874564,149.3526555421282,10000
0.2,5000,1.0,log_quadratic,0.3,0.47696008438713516,0.00261565810714975,0.4719309928661686,0.4820996868342063,0.028294064773429044,0.000196985337915912,0.027906573121628944,0.028680382841919424,0.028294064773429044,241.89623359361116,16.85724862109768,10000
0.3,100,0.0,quadratic,0.01,1.4393607596550835,0.07167740399121049,1.3015951282574831,1.5822709203265284,7.196949419088505e-05,3.634519696757469e-06,6.508450756708877e-05,7.924259935219061e-05,1.4393607596550835,28.397536898098977,19999.595326284492,10000
0.3,100,0.0,quadratic,0.1,1.4395136516451974,0.0718849322943576,1.3015121511987735,1.5828276340544565,0.007199232478051386,0.0003612278477689973,0.0065085010741620045,0.00793412211657346,1.4395136516451974,28.177989994987758,199.953766743039,10000
0.3,100,0.0,quadratic,0.3,1.4386846026687217,0.07156175671020508,1.3020281740623776,1.5849387288059178,0.06479958473194741,0.003226544834870796,0.05861402790978418,0.0711933124418852,1.4386846026687217,27.123354762356424,22.202065161683407,10000
0.3,100,0.0,l1,0.01,2.707716036099182,0.07257803389780981,2.566076617819039,2.8500171380023125,0.01915185326928451,0.0005102336000832082,0.018157669370484405,0.020168326742614935,2.707716036099182,52.38651107087761,141.38141087587493,10000
0.3,100,0.0,l1,0.1,2.708482235860532,0.07203404502675155,2.566487158434865,2.847072108246402,0.19144522113955578,0.005158848787653957,0.18146786303932072,0.2014720939011786,2.708482235860532,49.289669057967835,14.147557299882449,10000
0.3,100,0.0,l1,0.3,2.707993178855,0.07252554572588443,2.5693552645214583,2.851130259177792,0.5744972667365355,0.015162068403851724,0.5447580345927426,0.6045925421594734,2.707993178855,40.72178875026943,4.713674608476224,10000
0.3,100,0.0,log_quadratic,0.01,0.8512590447545446,0.028702980215758702,0.7949679462834274,0.9081341351040904,7.198156820410134e-05,3.6203819657326863e-06,6.513024883875998e-05,7.92065401505731e-05,0.8512590447545446,41.93851196811183,11826.06972858424,10000
0.3,100,0.0,log_quadratic,0.1,0.8512506509984776,0.02819791958159082,0.7958652834082082,0.9065221320805085,0.007169222425427304,0.0003601904425362867,0.006477860336650076,0.007895850708927598,0.8512506509984776,42.32986145707833,118.73681697743405,10000
0.3,100,0.0,log_quadratic,0.3,0.8515104118684916,0.028357901463408414,0.7964288088074623,0.9071533558979007,0.06230496765789076,0.0029797357305802207,0.05661300868489193,0.06817067015382267,0.8515104118684916,39.14232363102262,13.666814122174577,10000
0.3,100,0.2,quadratic,0.01,1.440363321604726,0.07213510993909823,1.3015851777737217,1.584275905858541,7.197575067724079e-05,3.590710062706111e-06,6.510746475924996e-05,7.92068249799593e-05,1.1523050524339165,28.237006282676788,20011.786025875776,10000
0.3,100,0.2,quadratic,0.1,1.4400176877958817,0.07206199695102951,1.3021499769948748,1.5831792262182995,0.00719620245623226,0.0003579703538616149,0.006514215537746276,0.007935986657189266,1.1534533907279518,28.11871252742264,200.108000928845,10000
0.3,100,0.2,quadratic,0.3,1.4391818627217385,0.07160009929331598,1.3022430992988676,1.5825067242087083,0.06476909483902259,0.0032673389019036735,0.05858293483204108,0.07135876020943636,1.1642993091451954,27.11857345224472,22.22019415739386,10000
0.3,100,0.2,l1,0.01,2.70770518681353,0.07228314833028021,2.566482698460947,2.8515780378970312,0.019148555624578994,0.0005134692578277236,0.018156223043801253,0.02015916743476767,2.1699938605757403,52.60005148495797,141.40519211474793,10000
0.3,100,0.2,l1,0.1,2.708315863447356,0.07364917922253934,2.5643386249915108,2.8524609169223347,0.19142909743483,0.0051004309967248905,0.1815294777922454,0.20151135942841258,2.2049385102448507,48.213850622727556,14.147879814192684,10000
0.3,100,0.2,l1,0.3,2.70726806759616,0.07229166584311388,2.5679608475028575,2.849541506641355,0.5746693512970893,0.01533980524359867,0.5447208800333937,0.605001670579016,2.2807483243363462,40.81054212699797,4.711001311424684,10000
0.3,100,0.2,log_quadratic,0.01,0.851125459326414,0.02832785983103713,0.7963114835180788,0.9065929268126416,7.205424508853322e-05,3.6366553723533234e-06,6.511957366563173e-05,7.923941791414072e-05,0.6809147783101489,42.48719335066957,11812.287510342163,10000
0.3,100,0.2,log_quadratic,0.1,0.8511120097119121,0.02822049711146663,0.7956400576939664,0.9075517021137146,0.007167535494726889,0.00035620604590997187,0.006481911580036565,0.007874067407579642,0.6823231148684751,42.28921452745461,118.74541958502611,10000
0.3,100,0.2,log_quadratic,0.3,0.8513145850862149,0.028557156762875603,0.7949628757996071,0.9078010047488535,0.06232465798781111,0.0029791207768438766,0.05661172720866295,0.06830449850540417,0.6935165996665341,38.86163397536657,13.659354300070243,10000
0.3,100,0.4,quadratic,0.01,1.4393951875096103,0.07189720267296391,1.302873611715062,1.5830902679579375,7.194898096395607e-05,3.587433470121412e-06,6.515724787660932e-05,7.911145870562772e-05,0.8636658920981519,28.31139969785668,20005.775873749997,10000
0.3,100,0.4,quadratic,0.1,1.4399675941657455,0.07185021004571075,1.3011948452808488,1.5851720843810728,0.007198381244042131,0.00035790624830694137,0.006512659077716403,0.007912236674798949,0.8668599089970639,28.20056494046293,200.04047373255764,10000
0.3,100,0.4,quadratic,0.3,1.4399464099119843,0.07201222250779393,1.30221490495345,1.5832734265672932,0.0647924828343483,0.00326095265313523,0.058477007235977506,0.07136534464236081,0.8898848390809301,26.97834317674607,22.223973321001193,10000
0.3,100,0.4,l1,0.01,2.7076673512579377,0.07160527023091817,2.569770359847562,2.850007590877183,0.01914853194392589,0.0005094287957957042,0.01817103751902669,0.020159763212811772,1.6322598235323331,53.09725871020168,141.40339108956275,10000
0.3,100,0.4,l1,0.1,2.708185855315831,0.07221365046170147,2.5660189637165565,2.8503065661902673,0.19151922320768403,0.0051578372465937656,0.18147426238216668,0.20165521636842682,1.7015192024725718,49.16051590016552,14.140543230895762,10000
0.3,100,0.4,l1,0.3,2.708102808791692,0.07203886204861422,2.5667869639761074,2.8513928406084554,0.5744771229432638,0.015258307447450848,0.5448738347072868,0.6044810438384914,1.8546525344523208,40.976693265033575,4.714030725744232,10000
0.3,100,0.4,log_quadratic,0.01,0.8512413343856428,0.028159507759520315,0.7968705489245294,0.9061650342134698,7.202910640553193e-05,3.592328529301687e-06,6.518210418873368e-05,7.914987816275522e-05,0.5107736122739479,42.74702441130745,11818.018810243999,10000
0.3,100,0.4,log_quadratic,0.1,0.8511299633924898,0.028216850429150023,0.7959094030324351,0.9064551865121384,0.007164810619839133,0.0003546766563097448,0.006486179739370392,0.007875016451446813,0.5135439022834295,42.295744208657375,118.79308589619075,10000
0.3,100,0.4,log_quadratic,0.3,0.8509300086920674,0.02817290432453605,0.7963281544592725,0.9071078520114694,0.06233893897182868,0.0029964816769332742,0.05661895836906128,0.06839194571011148,0.5354935808039719,39.363393938542444,13.650056011967216,10000
0.3,100,0.6,quadratic,0.01,1.4401790645008121,0.07198126137250543,1.3032735464031449,1.5856634441621325,7.20071696148253e-05,3.6573951429216712e-06,6.514687341963341e-05,7.935520635037005e-05,0.5761148301020937,28.29373770735209,20000.4953979513,10000
0.3,100,0.6,quadratic,0.1,1.4401286980800323,0.07168000559542992,1.301684050534716,1.5817823129079016,0.007202579300162427,0.0003576372208467543,0.006516957538275012,0.007925217423326397,0.5803730268121104,28.270621794909705,199.94624676295555,10000
0.3,100,0.6,quadratic,0.3,1.4399375097274374,0.07139101757617451,1.3023790874954881,1.5833900293915228,0.06482053774749517,0.0032377289161511897,0.05862492608089033,0.07127508807312567,0.6148673265394721,27.21227782598186,22.214217279971272,10000
0.3,100,0.6,l1,0.01,2.7074288422427677,0.07205759033530669,2.5662862511577793,2.8500858727780747,0.019148868140548926,0.0005076552018387556,0.018174531031168305,0.02016693250723211,1.0944608577814363,52.759294830203935,141.3884529555884,10000
0.3,100,0.6,l1,0.1,2.7078474449836176,0.07257968019796711,2.565633619576392,2.8504955820532483,0.1914766275450688,0.005115226140655118,0.18132303358461546,0.20155265184361051,1.1980249545204886,48.91011383519412,14.141921547820546,10000
0.3,100,0.6,l1,0.3,2.7088380796489124,0.0729568611379331,2.5674657630326467,2.854088731430726,0.5739601124770771,0.015428588037791144,0.5441831806399328,0.6047200023688405,1.4279112993458114,40.48755642340439,4.719558068169935,10000
0.3,100,0.6,log_quadratic,0.01,0.8510470963641783,0.028206873214497972,0.7967558214903724,0.9074450454330266,7.198008829671406e-05,3.591615449735713e-06,6.511255331209002e-05,7.92220914980693e-05,0.3404620265986493,42.66550679941419,11823.368330086214,10000
0.3,100,0.6,log_quadratic,0.1,0.8512719598237228,0.028197405578283815,0.796965270490982,0.9056510897473434,0.0071705184345818565,0.0003580455399849126,0.006478242256156254,0.007884485056076578,0.34481109499023826,42.331677596486166,118.71832805257465,10000
0.3,100,0.6,log_quadratic,0.3,0.8516013508347847,0.02831991936696231,0.7962248216917206,0.9072438073400275,0.06232063586643835,0.0029722013803916503,0.05667987674816524,0.06813516500084228,0.37803292185377696,39.199068154893574,13.664837320657044,10000
0.3,100,0.8,quadratic,0.01,1.4405127556794863,0.0717398824726474,1.304324950220054,1.586384135562453,7.199170333767278e-05,3.6378053585865067e-06,6.510080152593367e-05,7.934159865789352e-05,0.2881601444985673,28.395514341242585,20009.427321407406,10000
0.3,100,0.8,quadratic,0.1,1.4406508272625724,0.07265368975248303,1.3011984519199837,1.5872489155139755,0.007201993925198377,0.00035674023214323007,0.006510436973662427,0.00791294098631913,0.29389176059267313,27.901932454685443,200.03499617265922,10000
0.3,100,0.8,quadratic,0.3,1.4407138186499386,0.07175109008527394,1.3046883930819264,1.5855153420606856,0.06480335318068257,0.0032190812249616872,0.05876204408988684,0.07128644980932079,0.33998544627453375,27.091935150163895,22.23208750684533,10000
0.3,100,0.8,l1,0.01,2.7078556911619693,0.07230954846932935,2.5660378826750296,2.849410995918525,0.019148888096678175,0.0005056871637490367,0.018172148438227308,0.02016049794367929,0.5568902487097362,52.58382506299357,141.41059666183492,10000
0.3,100,0.8,l1,0.1,2.7082832559954775,0.07150824523554196,2.570514324769764,2.8487162349600594,0.19151119187358195,0.005133246829561579,0.18143056298557925,0.20158092410167924,0.694865604697961,49.64627224777801,14.141644827646608,10000
0.3,100,0.8,l1,0.3,2.707180365116857,0.07320555366926479,2.562999003902377,2.849973396066777,0.5744766343186829,0.01544247885231071,0.54436603075486,0.604596195999719,1.0010173804783176,40.31322790508971,4.71242902390193,10000
0.3,100,0.8,log_quadratic,0.01,0.851379311850651,0.028244752712244966,0.7966993594273627,0.9072643401537912,7.194654447247404e-05,3.5447943057784096e-06,6.521085687852103e-05,7.906859104976723e-05,0.17033341960570814,42.624923098039545,11833.49830201198,10000
0.3,100,0.8,log_quadratic,0.1,0.8513356661395913,0.028335520832268844,0.795898061553721,0.9063019953552848,0.0071721749927932165,0.0003581403347203804,0.006486940083010987,0.007890172094756934,0.17600487322215283,42.12846902861548,118.6997900908769,10000
0.3,100,0.8,log_quadratic,0.3,0.8507453311739631,0.02818072296507341,0.7960553398896406,0.907843824159389,0.06235200377758163,0.0030070265946546566,0.05657375370042454,0.06836232331055095,0.22003066925685788,39.341176507937696,13.644234020268081,10000
0.3,100,1.0,quadratic,0.01,1.4407702091343788,0.07190945839508095,1.3011085989189493,1.5835838035812257,7.202446343269292e-05,3.6039975675845894e-06,6.51768097768522e-05,7.943839267868102e-05,7.202446343269292e-05,28.333615006456714,20003.900625803104,10000
0.3,100,1.0,quadratic,0.1,1.4384721689768354,0.07190536680850852,1.3044235155954733,1.585099562249205,0.007194622573234207,0.0003543071346469181,0.006523180889276121,0.007912907947393886,0.007194622573234207,28.1496032301542,199.9371272550573,10000
0.3,100,1.0,quadratic,0.3,1.439773633118747,0.07179085026523531,1.3031277333484013,1.5825424328030613,0.06479062314841466,0.0032306930010086187,0.05866350854140611,0.07135903487097943,0.06479062314841466,27.058512962019208,22.22194452151949,10000
0.3,100,1.0,l1,0.01,2.70826263893351,0.07292981900236323,2.563460709823359,2.850878324448278,0.019146704319592738,0.0005132323883026757,0.018151334457545368,0.02015801018408816,0.019146704319592738,52.144515248872,141.44797943958204,10000
0.3,100,1.0,l1,0.1,2.7077879930337554,0.07208414545663049,2.567928353649235,2.8483276625489466,0.19153789111177894,0.005070458849752042,0.1818281388149183,0.20168550349133121,0.19153789111177894,49.24444985420858,14.137087848866033,10000
0.3,100,1.0,l1,0.3,2.7088992528583593,0.07185946987889492,2.5685594033362587,2.851731666005253,0.5744769322693787,0.015547269058459011,0.5439048080398194,0.6050491451747304,0.5744769322693787,41.056070101088935,4.715418671655429,10000
0.3,100,1.0,log_quadratic,0.01,0.8513692490366499,0.02818959000918888,0.7966373929406254,0.9068631431073024,7.19618760016647e-05,3.6037901006198017e-06,6.512949329929743e-05,7.92261692150573e-05,7.19618760016647e-05,42.707827921000444,11830.837331380231,10000
0.3,100,1.0,log_quadratic,0.1,0.8511998319926363,0.028410109821406775,0.795913228530122,0.9065968010200067,0.007163822269375322,0.00035383497301633523,0.006498549276487301,0.007870312794569508,0.007163822269375322,42.01161536016778,118.8192280581048,10000
0.3,100,1.0,log_quadratic,0.3,0.8511549739821385,0.028263645173215387,0.7954638523458567,0.9057622199361538,0.062318829210559194,0.0029634681524809314,0.05648031835166269,0.06824569045203147,0.062318829210559194,39.25539947336291,13.658070678868278,10000
0.3,500,0.0,quadratic,0.01,1.4400768547026361,0.03249724083429283,1.377296731543076,1.504394296633465,7.200833720571121e-05,1.61166649270232e-06,6.89002794403607e-05,7.519686425285814e-05,1.4400768547026361,62.66607037479823,19998.751680498728,10000
0.3,500,0.0,quadratic,0.1,1.439865126753408,0.032290404917483626,1.377376326375552,1.5029816088206862,0.007199790975304035,0.0001609181421118435,0.006887062011065822,0.0075230486596376284,1.439865126753408,62.74525187525713,199.98707347092184,10000
0.3,500,0.0,quadratic,0.3,1.4403691404814367,0.03195486407404335,1.379205985010694,1.504539367080813,0.06478619369101521,0.001452040699313206,0.06196909771733165,0.06767977871868187,1.4403691404814367,60.815866276327206,22.232655731420017,10000
0.3,500,0.0,l1,0.01,2.707998231247702,0.032583943417101455,2.645275182932788,2.7726834101962528,0.019147647734344877,0.0002279829141407972,0.018709963104809157,0.01959404826524512,2.707998231247702,116.6990698063978,141.4272013366113,10000
0.3,500,0.0,l1,0.1,2.708518416151036,0.03223807399227376,2.6467611210741278,2.7725119922699415,0.19150298146000777,0.0022925526595519614,0.1869749185598843,0.196004488476494,2.708518416151036,110.13780668378483,14.143479101481589,10000
0.3,500,0.0,l1,0.3,2.708181341632334,0.03283144504035044,2.6440640590752267,2.772932809299262,0.574514533709212,0.006850821223882053,0.5611071217356132,0.5879635244867253,2.708181341632334,89.96978840375446,4.713860455622639,10000
0.3,500,0.0,log_quadratic,0.01,0.8513016266461199,0.012632755234825576,0.8264695811395744,0.8762134432620315,7.198530824699841e-05,1.6112016713593888e-06,6.891105947459999e-05,7.526906877720155e-05,0.8513016266461199,95.29358174883048,11826.046833405298,10000
0.3,500,0.0,log_quadratic,0.1,0.8512063577340052,0.01256057647104571,0.8266410033892218,0.8757743026330116,0.007169685525938891,0.00016028114125719956,0.006862688175684587,0.0074878114064303855,0.8512063577340052,95.02357954740954,118.72296973897433,10000
0.3,500,0.0,log_quadratic,0.3,0.8513476658289475,0.012738679831165077,0.8261482955804005,0.8761236769510811,0.06232735579838297,0.0013316880718225752,0.05975030137909617,0.06496003999423998,0.8513476658289475,87.12013935750838,13.659293819280473,10000
0.3,500,0.2,quadratic,0.01,1.4400746927592423,0.03174100397157587,1.3779745710931797,1.5022332586138203,7.201321567371939e-05,1.6170946446076144e-06,6.886480965667406e-05,7.523630487829245e-05,1.1520741568505288,64.15900764969167,19997.366862271436,10000
0.3,500,0.2,quadratic,0.1,1.43963089197412,0.032470344583610235,1.3765344016904963,1.5037686426095787,0.007199703027503509,0.00016152738095881177,0.006890682080947639,0.00752346514487288,1.153144654184797,62.38734375827787,199.95698245810993,10000
0.3,500,0.2,quadratic,0.3,1.4398907474544935,0.032311191726515844,1.3776620505682946,1.5035701692985755,0.06481248143009255,0.0014562315822021373,0.062013838155578364,0.06768661927967869,1.1648750942496136,60.12413135520762,22.216257049308865,10000
0.3,500,0.2,l1,0.01,2.7081668170107944,0.0323142610598843,2.6448159457808216,2.771826399498648,0.019149460621346773,0.00022851783838569867,0.018701973255161496,0.019601996426087506,2.170363345732905,117.6802317207092,141.42261604965927,10000
0.3,500,0.2,l1,0.1,2.7082392192681977,0.03261187248486946,2.6441039428850526,2.7731821916759647,0.19148514961917082,0.0022760909524408082,0.18703402219769738,0.19587312567846668,2.204888405338392,108.87417122191329,14.143338136948968,10000
0.3,500,0.2,l1,0.3,2.7081982678823415,0.0322627933604275,2.6447033961710975,2.7718009384816,0.5744514373807468,0.006869710387768223,0.5613303046172323,0.5878852963227768,2.281448901782023,91.48024564719984,4.714407679490836,10000
0.3,500,0.2,log_quadratic,0.01,0.8511765980887801,0.012572903597656301,0.8270975522381878,0.8759326210816752,7.197894555127123e-05,1.5991668797538327e-06,6.886161273374421e-05,7.513700741558083e-05,0.6809556742601344,95.73315155928078,11825.355200327012,10000
0.3,500,0.2,log_quadratic,0.1,0.8512584364876735,0.012651851076084318,0.8265549862941336,0.8759594548650222,0.007168649648361197,0.00015715584746174712,0.0068613074781827274,0.007477383917551437,0.6824404791198111,94.34438762295376,118.7473901283873,10000
0.3,500,0.2,log_quadratic,0.3,0.8512814891835263,0.012845764363222925,0.8265707143167952,0.8765282175550967,0.062334528453853906,0.0013498081811522122,0.05973693924102553,0.06496655014221304,0.693492097037592,86.38103114580109,13.656660446444667,10000
0.3,500,0.4,quadratic,0.01,1.4399552215551439,0.03222591676082744,1.376661036469162,1.5039140349383289,7.198080295298877e-05,1.5975879496293097e-06,6.890360181610848e-05,7.50838251112894e-05,0.8640019252542676,63.18834681775349,20004.711846512604,10000
0.3,500,0.4,quadratic,0.1,1.4397945869911204,0.03231335428733857,1.3774886386071503,1.5028360994753889,0.00720042324070901,0.000160728627878638,0.006883128243843273,0.007517695641297291,0.866756921490956,62.69757745808067,199.95971609709807,10000
0.3,500,0.4,quadratic,0.3,1.4396283204454456,0.03214938858625732,1.3781587666401764,1.503626818704074,0.06479707011431644,0.0014517856116579308,0.06199685289555751,0.06762504115233826,0.889695820312994,60.41563153368572,22.217490974601493,10000
0.3,500,0.4,l1,0.01,2.70786470902753,0.03253653418144938,2.644283699468254,2.773632117767188,0.019148100323142597,0.00022902502151479306,0.018692323195503662,0.019597031291179602,1.632378065545775,116.863255169691,141.4168854001029,10000
0.3,500,0.4,l1,0.1,2.7080389865043566,0.03252652478404036,2.644656927208509,2.7708956094091386,0.1914760694798959,0.002266241936465591,0.1871125244103295,0.19603256329974664,1.7014138196945725,109.15246620799888,14.142963106878941,10000
0.3,500,0.4,l1,0.3,2.7080557284698434,0.0328227621686613,2.6436739601961103,2.772253899218508,0.5745160728976436,0.006864045477114327,0.5611243881498325,0.5879517317293069,1.8546398662409633,89.97997485924314,4.713629185013791,10000
0.3,500,0.4,log_quadratic,0.01,0.8512135207103665,0.012479539695270167,0.8263461194738669,0.8754544701904626,7.200083745325976e-05,1.6049932318656727e-06,6.887798749916393e-05,7.513884045152884e-05,0.5107569127612013,96.45354719328724,11822.272501523921,10000
0.3,500,0.4,log_quadratic,0.1,0.851487370170517,0.01274970212131613,0.8268224688205892,0.8768411565096261,0.007168955511194082,0.00015939015337164238,0.006859271982946474,0.007483526994015247,0.5137600043067878,93.64558054460898,118.774257817746,10000
0.3,500,0.4,log_quadratic,0.3,0.8512109390013722,0.012568907873619417,0.8266674987059048,0.8757709750007896,0.0623097093181212,0.0013475119942668438,0.05971093475553591,0.06499833195136591,0.5356504471280717,88.25888529837151,13.660967902378243,10000
0.3,500,0.6,quadratic,0.01,1.4397216165443096,0.03201965736807677,1.3781842614472977,1.5025719898962104,7.199733534496857e-05,1.6207465986251917e-06,6.888177798179213e-05,7.525736036130385e-05,0.5759318450189308,63.58506559074657,19996.87362936443,10000
0.3,500,0.6,quadratic,0.1,1.4398475807385729,0.03176747377420668,1.3767118568680965,1.5022406083611952,0.007200891076812185,0.00016093120594435161,0.006898664117747149,0.007521956193522459,0.5802595669415165,63.77725832243622,199.95408420703254,10000
0.3,500,0.6,quadratic,0.3,1.440454483267887,0.03211041313396276,1.3780554152293527,1.5029852144899352,0.06477727194145173,0.0014379502909330538,0.062025035749446934,0.06767284680351256,0.6150481564720258,60.52720527546768,22.23703530722669,10000
0.3,500,0.6,l1,0.01,2.708432394799831,0.03231343253480362,2.6455262938927047,2.7718595177207326,0.01915157470667243,0.00022640630517696447,0.018706763550048206,0.019591968994032934,1.0948639027439355,117.69483338997976,141.42087197958764,10000
0.3,500,0.6,l1,0.1,2.7084341286452163,0.031943364246118336,2.645557153266803,2.770636936655738,0.19151584187006504,0.0022698665337954533,0.187149815683243,0.1959768484982817,1.1982831565801255,111.15007422577361,14.142089250678113,10000
0.3,500,0.6,l1,0.3,2.708083837483882,0.032450778159031114,2.6447344264247694,2.7715860407907065,0.5744943854795601,0.006947100676924305,0.5606813675372294,0.5882871854387228,1.4279301662812889,90.92222074406928,4.7138560548738955,10000
0.3,500,0.6,log_quadratic,0.01,0.8511694260893131,0.012627810741335324,0.8266616425418928,0.875678061116026,7.19845526310047e-05,1.6150935756843214e-06,6.888822532559876e-05,7.51999294077812e-05,0.3405109611673039,95.31608918856955,11824.334457594492,10000
0.3,500,0.6,log_quadratic,0.1,0.8514155967331996,0.012641726045161223,0.8265222598814673,0.8762337199262261,0.007167113545580817,0.0001583510569546914,0.006862516398309636,0.007479578426698822,0.34486650682062836,94.43757878896281,118.79476881710286,10000
0.3,500,0.6,log_quadratic,0.3,0.8512980645708572,0.012747459657494176,0.8261856754240707,0.8763412268281437,0.062329130110359815,0.0013605369112906836,0.05969749544939432,0.06503816877687882,0.3779167038945588,87.03454188495404,13.65810918688502,10000
0.3,500,0.8,quadratic,0.01,1.4398232381359848,0.032302811299751114,1.3767529857117964,1.5040851841646818,7.198321365857453e-05,1.6034925658305332e-06,6.890350883298676e-05,7.514445826358047e-05,0.2880222341981238,63.03215313838513,20002.208361594527,10000
0.3,500,0.8,quadratic,0.1,1.4400841730799205,0.03220473538364458,1.3772702852699656,1.5052139555462207,0.007201717825944456,0.00016075089535566345,0.006892706862829077,0.007519428879239622,0.29377820887673955,62.921695631528515,199.96398191164388,10000
0.3,500,0.8,quadratic,0.3,1.4403207661124173,0.0318364709244251,1.378581172784911,1.5024530532730935,0.06479199232315788,0.0014433535883390304,0.06202415222663375,0.0676574467047,0.33989774708100967,61.03991098085421,22.229919384615364,10000
0.3,500,0.8,l1,0.01,2.708408763681853,0.032725717986726924,2.6432780884228735,2.773291952637137,0.019149978069185534,0.00022993094752806517,0.018705519078362223,0.019597447991346367,0.5570017351917188,116.21112119803007,141.43142900199905,10000
0.3,500,0.8,l1,0.1,2.70829043876441,0.032279255414523,2.6469111385394415,2.772690381130394,0.19148318226640745,0.002308940836429058,0.18688400439400052,0.19593244598344395,0.6948446335660078,109.98494234305382,14.143750937857348,10000
0.3,500,0.8,l1,0.3,2.708507488491611,0.03217411075408455,2.6453429304296305,2.7721008685702953,0.5742863962031454,0.006891632329621948,0.5610806295592018,0.5880949523892529,1.0011306146608383,91.72902035517248,4.716300971777706,10000
0.3,500,0.8,log_quadratic,0.01,0.8515937782034212,0.01264609051766727,0.8269967936873861,0.8766921232783965,7.199078727659717e-05,1.603614539539381e-06,6.891701880383312e-05,7.513549967873652e-05,0.1703763482705055,95.22576554830468,11829.20496384484,10000
0.3,500,0.8,log_quadratic,0.1,0.8514822601463115,0.012613087555956689,0.8272268449692863,0.8763865535975484,0.0071642011063681324,0.0001621359593679194,0.006850284147966893,0.007479805920587865,0.17602781291435676,94.65940870847486,118.85236713824851,10000
0.3,500,0.8,log_quadratic,0.3,0.8512881429779927,0.012776614111161468,0.8262885149297545,0.8764392094114551,0.06234783554634478,0.0013369394489942791,0.0597298578817199,0.06499716824114728,0.22013589703267436,86.85176460838858,13.653852383459373,10000
0.3,500,1.0,quadratic,0.01,1.440393076430916,0.03251170445237203,1.3768641246747748,1.5053280374234161,7.199059910935415e-05,1.6090980275901451e-06,6.887621917352584e-05,7.516653729737263e-05,7.199059910935415e-05,62.65194783141876,20008.071807305707,10000
0.3,500,1.0,quadratic,0.1,1.4405716867589349,0.03209141909230748,1.3781559752407315,1.5032392823819831,0.0071992343665295,0.0001617077715504089,0.006883265453846877,0.007519741935217548,0.0071992343665295,63.16545309318327,200.10067924117106,10000
0.3,500,1.0,quadratic,0.3,1.4392177499366767,0.032196451052122974,1.3758704621518487,1.5036827213881794,0.06480098135125698,0.0014428431516708702,0.06198458016838081,0.06766671214575021,0.06480098135125698,60.310063660130275,22.209814109686466,10000
0.3,500,1.0,l1,0.01,2.7076323372912188,0.03250420587165587,2.6445624633860225,2.772024931676971,0.01914955580160302,0.00022673722754365728,0.018710131052276344,0.01959383065839445,0.01914955580160302,116.96936471978019,141.39400231229183,10000
0.3,500,1.0,l1,0.1,2.7080193858586554,0.03227672460666362,2.6453616695606015,2.77186348828368,0.19152540063037599,0.002298080504448443,0.18702925596757577,0.1960699791457882,0.19152540063037599,109.98245888469191,14.139217967672339,10000
0.3,500,1.0,l1,0.3,2.7079701471030857,0.0329705074501297,2.6432202390684196,2.772943410030689,0.5745062608324686,0.006858676159851538,0.5611141892922684,0.5877841639366538,0.5745062608324686,89.59327716062593,4.713560724611067,10000
0.3,500,1.0,log_quadratic,0.01,0.8513307188106403,0.012618521107876398,0.8259224907969044,0.8758258406433805,7.196945845128262e-05,1.6245213654128076e-06,6.879212185753138e-05,7.52047515253002e-05,7.196945845128262e-05,95.4043384445923,11829.055506745557,10000
0.3,500,1.0,log_quadratic,0.1,0.8513402805570253,0.01270200754548527,0.8263765348836855,0.8765255782022202,0.0071736181277982656,0.00016072286099610286,0.006862994039845044,0.0074892757245582555,0.0071736181277982656,93.98013500060286,118.6765542004561,10000
0.3,500,1.0,log_quadratic,0.3,0.8513437536476169,0.012757768544625434,0.8269680797036832,0.876499958403815,0.062326680129564625,0.0013352708697574943,0.05970760666364437,0.06491453048121888,0.062326680129564625,86.98830985445906,13.659379127491542,10000
0.3,1000,0.0,quadratic,0.01,1.4398720224666886,0.022914383838871812,1.3950472485696908,1.4849285296001047,7.200187308042403e-05,1.1325106156748468e-06,6.980398303936895e-05,7.422909915474953e-05,1.4398720224666886,88.86054838129616,19997.702293916616,10000
0.3,1000,0.0,quadratic,0.1,1.4400704988889528,0.02286954918835848,1.3958751132031881,1.4844605088315719,0.007200399669305018,0.00011288917291718584,0.006979727887625397,0.007421780975519398,1.4400704988889528,88.6051414247289,199.99868965995165,10000
0.3,1000,0.0,quadratic,0.3,1.4402304826232655,0.022712517854588814,1.3962297781605144,1.4848500312481443,0.06481082300491764,0.0010217226525470536,0.06284137083840599,0.0668158825390718,1.4402304826232655,85.55511072675841,22.22206748576523,10000
0.3,1000,0.0,l1,0.01,2.7079871744506265,0.023051162161404726,2.6625462977673364,2.754089248875841,0.01914884706445598,0.0001620402514661058,0.018832683642789897,0.019467259467274414,2.7079871744506265,164.95904430530433,141.4177660584685,10000
0.3,1000,0.0,l1,0.1,2.708463712892598,0.022790216013929693,2.6637402925112297,2.7522102157307917,0.1914860085041535,0.0016317722654140914,0.18831057609996973,0.19472674770584902,2.708463712892598,155.78855890549053,14.144447075013572,10000
0.3,1000,0.0,l1,0.3,2.7082435522091686,0.02270282903563574,2.664531431655705,2.7525983379239305,0.5744921528879415,0.004825265313320568,0.5651389738683587,0.5841549176768754,2.7082435522091686,130.01236885876136,4.7141523841448,10000
0.3,1000,0.0,log_quadratic,0.01,0.8512033550262209,0.00903830225151433,0.8338087851300156,0.8688461708189075,7.200967996842455e-05,1.1369549443599783e-06,6.980230354193504e-05,7.423840284125713e-05,0.8512033550262209,133.17561738150607,11820.679600290741,10000
0.3,1000,0.0,log_quadratic,0.1,0.8512598875236297,0.009013432631751233,0.8335976222836853,0.8687683437804506,0.007168491325405791,0.0001135657652796658,0.00694624913085007,0.007397257834281363,0.8512598875236297,132.4279892377332,118.75021519614407,10000
0.3,1000,0.0,log_quadratic,0.3,0.8512051857351098,0.008911414344010148,0.8337596401325995,0.8689223000264364,0.06233861703146794,0.0009559734500355558,0.060468094253147246,0.06418656168153752,0.8512051857351098,124.47646883112493,13.654540736850636,10000
0.3,1000,0.2,quadratic,0.01,1.4400419829065083,0.022810543545211233,1.3961777910107798,1.4850116901709303,7.200537783358953e-05,1.13713422983463e-06,6.983179673521574e-05,7.426556463159066e-05,1.1520479874007734,89.27560472482666,19999.089321280506,10000
0.3,1000,0.2,quadratic,0.1,1.439918046829924,0.022686919905752136,1.3958689871557075,1.484496566204786,0.007200170481934853,0.00011485448590631588,0.0069794177866822635,0.007429849101103081,1.153374471560326,89.30886588264148,199.98388238759932,10000
0.3,1000,0.2,quadratic,0.3,1.4398729231057796,0.02275873743102849,1.3952785598541717,1.4855733979191694,0.06481150069919968,0.0010237917340322233,0.06279888325003517,0.06681044294150124,1.1648606386244635,85.35912470817226,22.216318208529923,10000
0.3,1000,0.2,l1,0.01,2.708406801496244,0.022535406931070024,2.664701220664688,2.7523155917941535,0.019149419990466408,0.00016207813728865624,0.018840531234178566,0.019466648978591874,2.170555325195089,168.76047161051008,141.43544832400312,10000
0.3,1000,0.2,l1,0.1,2.708498480054507,0.0228851924937588,2.6633204714183787,2.753888942661604,0.19151737622191867,0.0016216436802616856,0.18840809900565347,0.1947260193951333,2.2051022592879894,155.1503594925446,14.142311958764848,10000
0.3,1000,0.2,l1,0.3,2.7083334035801965,0.023032971026810924,2.6630789589166546,2.7537423688732208,0.5744674555464252,0.004850723338934068,0.5648744705339044,0.5838599738138452,2.2815602139734428,128.20610930274665,4.71451146175734,10000
0.3,1000,0.2,log_quadratic,0.01,0.8512823721243244,0.009021619040271439,0.8337842427549849,0.8688600263702853,7.199003701311166e-05,1.1285554943113359e-06,6.979003200761778e-05,7.422718559950883e-05,0.6810402957068623,133.43428180553843,11825.002562080626,10000
0.3,1000,0.2,log_quadratic,0.1,0.851233965353575,0.008910851965096216,0.833744005255416,0.8689067553508725,0.007166372033489553,0.0001127850648135203,0.006945172160555071,0.00738956089148932,0.682420446689558,133.94860996349848,118.78171568202549,10000
0.3,1000,0.2,log_quadratic,0.3,0.851308660213658,0.008940192787525553,0.8340958925375708,0.8688195120564391,0.06234750018419709,0.0009538427203426512,0.060500902976987604,0.06421398001591543,0.6935164282077658,124.09831813642275,13.654254905145901,10000
0.3,1000,0.4,quadratic,0.01,1.4404653840286452,0.0228705174814929,1.3965712676868223,1.4853591224495266,7.201645336322666e-05,1.1429845670350976e-06,6.979938121981048e-05,7.424929508126465e-05,0.8643080369985322,89.06767565192756,20001.892855837046,10000
0.3,1000,0.4,quadratic,0.1,1.4400056697043535,0.02267431909401789,1.3954973031486835,1.4848490597832489,0.0072008309313294095,0.00011390212627187973,0.0069791415792094524,0.0074262206028048935,0.8668837341951439,89.36393904703166,199.97770860570688,10000
0.3,1000,0.4,quadratic,0.3,1.4400837381927978,0.022688896449930294,1.3959018804923014,1.4852285115298538,0.0648057071686706,0.0010154725019706347,0.06277377649097227,0.06681570283184729,0.8899725257831468,85.63624003324846,22.221557345939832,10000
0.3,1000,0.4,l1,0.01,2.7077535056750253,0.022796515406832016,2.6637104730253216,2.7521361504396618,0.019149376925142913,0.00015997739623801945,0.01883660652325751,0.01946620220357675,1.6323118541750723,166.7871923958273,141.4016506260199,10000
0.3,1000,0.4,l1,0.1,2.708177793908669,0.023112972010803715,2.663303394298942,2.7536690006870397,0.1914975494049746,0.0016132931377904028,0.1883771722550473,0.19465737167612535,1.701505696107191,153.61437323120163,14.142101569046595,10000
0.3,1000,0.4,l1,0.3,2.7081008745491664,0.02298537251089889,2.662409514497158,2.75284055600634,0.5744814342261996,0.004853176441754916,0.5650903039007646,0.5842762409463751,1.8546530984199796,128.4426820825392,4.713991981650121,10000
0.3,1000,0.4,log_quadratic,0.01,0.8513180968215424,0.009008523618814723,0.833281775216014,0.8691320482231362,7.200294666039255e-05,1.1502876887859825e-06,6.977431879114314e-05,7.428403665453932e-05,0.5108196592715897,133.63385744437633,11823.37857416933,10000
0.3,1000,0.4,log_quadratic,0.1,0.8512841379693628,0.009001684390095107,0.8337340936974208,0.8689538054052321,0.007167082168570998,0.00011281409789490515,0.006948680482970722,0.0073906039101008895,0.5136373156490461,132.604965783071,118.77694687280183,10000
0.3,1000,0.4,log_quadratic,0.3,0.8511418483825631,0.008930129071678521,0.8341698677990872,0.8689910195928364,0.06232344659060696,0.0009628313558666441,0.0604544131723004,0.06421379160062513,0.5356144876657807,124.20084895222597,13.656848183855777,10000
0.3,1000,0.6,quadratic,0.01,1.4401745100879966,0.02274579976775574,1.395492427621859,1.4844560798485786,7.200183060649292e-05,1.1427812179638289e-06,6.978822869939105e-05,7.426903262188688e-05,0.5761130051335626,89.53795938632105,20001.915200724434,10000
0.3,1000,0.6,quadratic,0.1,1.4403440075533565,0.022971130703235768,1.3956936480804034,1.4859338428953024,0.0072000209725183156,0.00011307302236946265,0.006979015246262548,0.007422586279717626,0.5804576156048536,88.23018487666545,200.04719611942664,10000
0.3,1000,0.6,quadratic,0.3,1.4397324461802965,0.02262393560351272,1.3952845252761426,1.4843430506560955,0.06477835555411278,0.0010260515229792658,0.06279771762749428,0.06679783397904633,0.6147599918045862,85.85959969369515,22.22551705527029,10000
0.3,1000,0.6,l1,0.01,2.70789623739503,0.0231702393371366,2.6630475878141366,2.7535910273729742,0.019150331976015345,0.00016256599877530824,0.018834257375944338,0.019467434288382986,1.0946486941436213,164.10565650826032,141.40205197416472,10000
0.3,1000,0.6,l1,0.1,2.708231763108418,0.02307553280730424,2.663339446630821,2.752880759959736,0.1914876283768493,0.0016239570928274348,0.1883514060410275,0.19470963501268682,1.1981852822694765,153.86133838637122,14.143116117029736,10000
0.3,1000,0.6,l1,0.3,2.7078673433026736,0.022835397187145973,2.6626506159086656,2.7526337774221874,0.5744700648543131,0.004860529330289792,0.56510512108124,0.5841739754649128,1.4278289762336573,129.227983361249,4.713678760597204,10000
0.3,1000,0.6,log_quadratic,0.01,0.8512974785750117,0.00901863607744474,0.8337716538448899,0.8687424954755933,7.196928281713445e-05,1.1362686483999705e-06,6.975110016847448e-05,7.421286108630729e-05,0.340562172999695,133.48078800242496,11828.622507439171,10000
0.3,1000,0.6,log_quadratic,0.1,0.8512781282563953,0.008952688112702717,0.8339380335470027,0.8690081587688854,0.007168131022316337,0.00011270531150751515,0.00695215436434136,0.007390924876883135,0.3448121299159479,133.3294769051504,118.75872882431075,10000
0.3,1000,0.6,log_quadratic,0.3,0.8512442025015331,0.008937184799798551,0.8339908082875561,0.8682147329817023,0.06232859690481026,0.0009458034332398817,0.06046418607703753,0.06420094553708762,0.3778948391434994,124.14418287548939,13.65736186555866,10000
0.3,1000,0.8,quadratic,0.01,1.4401327011498115,0.022679120784513545,1.396289037206474,1.4850412684667182,7.20265117083498e-05,1.1341520548742286e-06,6.979202591420554e-05,7.426041372657235e-05,0.2880841614393289,89.79860169700424,19994.480740386345,10000
0.3,1000,0.8,quadratic,0.1,1.4397297634715072,0.022545598232279928,1.3956236826692359,1.4835803027487904,0.007198600138810994,0.00011428708175646543,0.0069776719416714305,0.007424511631815655,0.2937048328053502,89.856962330101,200.00135244479767,10000
0.3,1000,0.8,quadratic,0.3,1.439889680062408,0.02255639278885215,1.395944274952354,1.48462841401408,0.06481950824824531,0.0010350065675999085,0.0627752253638327,0.06683031249971653,0.3398335426110778,86.12187896754763,22.21383220847539,10000
0.3,1000,0.8,l1,0.01,2.7078877666029104,0.02281258813524176,2.663822888616004,2.7528514395683845,0.01915159080566321,0.0001630969254793059,0.018830211106503337,0.01946589226170045,0.5568988259651128,166.67771174949428,141.3923153476199,10000
0.3,1000,0.8,l1,0.1,2.7080217821481174,0.02269918247377653,2.664450959095832,2.753243718822895,0.19149673467511685,0.0015913367723577165,0.18835581490031733,0.19465318637821327,0.6948017441697167,156.4016833430178,14.141347040420312,10000
0.3,1000,0.8,l1,0.3,2.70777541289161,0.022886971154293244,2.6638564902728192,2.7539304456854894,0.5744198451898291,0.004856430158521629,0.564813259657545,0.5839139113171753,1.0010909587301853,128.95152914229632,4.713930821795978,10000
0.3,1000,0.8,log_quadratic,0.01,0.8515201697075556,0.008944409761164118,0.8336409985185961,0.8688048198859398,7.1988890519062e-05,1.1271753093737475e-06,6.976257826764452e-05,7.419375127677584e-05,0.17036162505392632,134.62370212913928,11828.494140801917,10000
0.3,1000,0.8,log_quadratic,0.1,0.8512369495507166,0.009031699027999322,0.8336956969447623,0.8688166258417775,0.00716751124995113,0.00011272590511468928,0.006945707401336392,0.007388003005226761,0.17598139891010417,132.1569151280079,118.7632526640988,10000
0.3,1000,0.8,log_quadratic,0.3,0.8512248000609884,0.009025065572341055,0.8334727696888553,0.8687636018701744,0.06233259977824483,0.000948399463744564,0.06047241813731435,0.06419694683481894,0.22011103983479352,122.9412173589494,13.656173544651041,10000
0.3,1000,1.0,quadratic,0.01,1.440079486489393,0.02283198602900344,1.396037853329642,1.4854533472697342,7.200690996711399e-05,1.1359880213090733e-06,6.979185291980805e-05,7.424648519325018e-05,7.200690996711399e-05,89.19408510640957,19999.184621963177,10000
0.3,1000,1.0,quadratic,0.1,1.4401018189651815,0.022741164208144513,1.3956814936386817,1.4845159225274052,0.007201873756912028,0.00011500708799908422,0.006974470203553798,0.007427951885073013,0.007201873756912028,89.10716287739075,199.96210258240612,10000
0.3,1000,1.0,quadratic,0.3,1.4400642953739873,0.023028791232407336,1.3960993281028062,1.4855413461254823,0.06481158650720391,0.001025498548570753,0.06279597278140578,0.06684045192823623,0.06481158650720391,84.37158009048282,22.219241542774483,10000
0.3,1000,1.0,l1,0.01,2.7081100736953276,0.023171053599307986,2.6622882090543527,2.753451740731667,0.019150984547878114,0.00016127441743400158,0.01883557107156665,0.01946782665419148,0.019150984547878114,164.11296487674414,141.4083994963789,10000
0.3,1000,1.0,l1,0.1,2.70827800186733,0.022518867767104232,2.6645706053746077,2.7531735139124853,0.1915036252092214,0.001622627722280049,0.18831109186288672,0.19471999135720877,0.1915036252092214,157.64790120524913,14.142176154151045,10000
0.3,1000,1.0,l1,0.3,2.708163567545287,0.022977034015987895,2.6623881201413395,2.7536431641756702,0.574548436830691,0.004911452228107745,0.5647542436384746,0.5841240478939028,0.574548436830691,128.4208087898133,4.713551363021693,10000
0.3,1000,1.0,log_quadratic,0.01,0.8511323948613464,0.008997745955229956,0.8334461198159591,0.8688357704263172,7.197855670306091e-05,1.151096284973868e-06,6.971614115254338e-05,7.427356873968805e-05,7.197855670306091e-05,133.76474277850986,11824.804967576569,10000
0.3,1000,1.0,log_quadratic,0.1,0.8511813796642078,0.008846857999648627,0.8335637884409333,0.8684458816485034,0.007168234913146219,0.00011266481349798446,0.006949503921765964,0.007391443738668836,0.007168234913146219,134.9086938496863,118.74351077741322,10000
0.3,1000,1.0,log_quadratic,0.3,0.8512533362273265,0.00897436861960169,0.8334021835684141,0.8686721027451496,0.06233986185082946,0.0009494899194218017,0.06049921143203145,0.06422639938105967,0.06233986185082946,123.629836264407,13.655040466150796,10000
0.3,5000,0.0,quadratic,0.01,1.4400037127436618,0.010249694224152388,1.4196396766477193,1.459836558001103,7.200618984119172e-05,5.076944542022482e-07,7.10287793397214e-05,7.300316028895612e-05,1.4400037127436618,198.6762630443006,19998.33230892459,10000
0.3,5000,0.0,quadratic,0.1,1.4401206308718866,0.010152119448364645,1.4199875359963896,1.4598792267345522,0.0072005823263630265,5.099424518339206e-05,0.007100553493207118,0.007301666846242514,1.4401206308718866,199.60653662763784,200.00057850866673,10000
0.3,5000,0.0,quadratic,0.3,1.439842328938267,0.01026729015018446,1.4196420440923212,1.4597787053890972,0.0648033807930488,0.00046284708026457966,0.0639040908807038,0.06572533506485442,1.439842328938267,189.20531264268394,22.218629820200878,10000
0.3,5000,0.0,l1,0.01,2.7084199546919465,0.010065738526325457,2.6891152242447554,2.728754478704963,0.019149084580784823,7.178997740113163e-05,0.019007598951404005,0.01928605722459745,2.7084199546919465,377.82688297821943,141.43861254911968,10000
0.3,5000,0.0,l1,0.1,2.708326371656647,0.010288060895027706,2.6884690309570582,2.7288226815954246,0.1915056711381255,0.0007233860417833705,0.19008287477214394,0.19292338585486565,2.708326371656647,345.1142016438287,14.142277644108187,10000
0.3,5000,0.0,l1,0.3,2.7081302296046332,0.010170537451898791,2.6884641019005118,2.727980171566359,0.5744454135717555,0.002174314820480544,0.5701556406652495,0.5787078196384797,2.7081302296046332,290.13285693136515,4.714338674524648,10000
0.3,5000,0.0,log_quadratic,0.01,0.8513112900523759,0.004022090352882632,0.843360954639547,0.859115743222578,7.199163954412595e-05,5.043161960341627e-07,7.101448056445553e-05,7.300403656486911e-05,0.8513112900523759,299.305596234152,11825.141022529157,10000
0.3,5000,0.0,log_quadratic,0.1,0.8512643566689571,0.004014108782716051,0.8433253937649599,0.8589940869531248,0.007169216434095911,4.998567199200765e-05,0.007071836226903531,0.007268805470298577,0.8512643566689571,297.3607138982254,118.73882794505248,10000
0.3,5000,0.0,log_quadratic,0.3,0.8512586079679529,0.004016936592484368,0.8433859639170902,0.8591028187047935,0.06233971002814504,0.0004249567075895087,0.061500318033752374,0.06317230579505448,0.8512586079679529,276.2075935150905,13.6551582864859,10000
0.3,5000,0.2,quadratic,0.01,1.4399158630704574,0.010163897123945878,1.4202956203399217,1.4600751913650447,7.200147579216202e-05,5.135198319886195e-07,7.101574571321172e-05,7.299672384293808e-05,1.1519470907515243,200.34113778764566,19998.421521621152,10000
0.3,5000,0.2,quadratic,0.1,1.4400959563539706,0.010168682780715215,1.4204795441279339,1.4602492111506182,0.007200082908861276,5.188412474258272e-05,0.007095879413166544,0.007301844616570469,1.153516781664949,199.27796392792013,200.0110241205164,10000
0.3,5000,0.2,quadratic,0.3,1.4401061787116636,0.010346938831988384,1.4197053411498914,1.46018698649189,0.0647962790082721,0.0004614983559278993,0.0638889964539854,0.06570413809532456,1.1650441987709854,187.78985526233674,22.225137010225772,10000
0.3,5000,0.2,l1,0.01,2.708287938768932,0.010184955006816727,2.688409897389992,2.7282489702249566,0.019148443633894025,7.204039816006935e-05,0.019006623820122234,0.019291895491733446,2.1704600397419243,373.3862754339064,141.436452515393,10000
0.3,5000,0.2,l1,0.1,2.7080936181277684,0.010281323909803644,2.6877082888513546,2.728057341575871,0.191489327626139,0.0007197946876498823,0.19009170798635813,0.19292393659086712,2.2047727600274425,345.3179591502221,14.142269189095549,10000
0.3,5000,0.2,l1,0.3,2.7081950985551413,0.01017074736820402,2.6885611948200485,2.7282969872909084,0.57445573681807,0.002158722333527833,0.570332554312481,0.5787580770077366,2.2814472262077268,290.22519717544816,4.714366878039945,10000
0.3,5000,0.2,log_quadratic,0.01,0.8512319304566961,0.003956499037754787,0.8435980503351926,0.859007142828991,7.200714863829013e-05,5.133807259584401e-07,7.09993042577445e-05,7.302389625654058e-05,0.6809999457950846,304.2391482143334,11821.491984534014,10000
0.3,5000,0.2,log_quadratic,0.1,0.8512248015709089,0.003977820407208975,0.8434401763276107,0.8592081849001654,0.007168843896413634,5.034551401813613e-05,0.00707152157907486,0.007268069537795773,0.6824136100360099,300.058742108722,118.73948071274813,10000
0.3,5000,0.2,log_quadratic,0.3,0.8512102288805552,0.003948464014844786,0.8435362049490259,0.8589252724230438,0.06232838786313729,0.0004211930111869855,0.061502497651346355,0.06314697094768076,0.6934338606770716,280.9582547613584,13.656862596056078,10000
0.3,5000,0.4,quadratic,0.01,1.4399166740320521,0.010141921629190497,1.4202720135140814,1.4600179499192214,7.200862159892602e-05,5.047774344569122e-07,7.102683854022035e-05,7.300942085710278e-05,0.8639788078678708,200.7753486431206,19996.448231603532,10000
0.3,5000,0.4,quadratic,0.1,1.4400075711836213,0.010216791698000794,1.420141055541549,1.4600789989166192,0.007199802129397811,5.094985129295737e-05,0.007101046094539853,0.007301577579743006,0.8668844635619316,198.3275223519577,200.00654813885325,10000
0.3,5000,0.4,quadratic,0.3,1.440064159429789,0.010165878499131047,1.420242585957898,1.459954361072959,0.06479478203522525,0.0004583736704555841,0.06389569706207622,0.06569062832150192,0.8899564084719633,191.12470644724414,22.22500198622333,10000
0.3,5000,0.4,l1,0.01,2.7079991714911977,0.010455297071468635,2.6873234781513946,2.728583071177404,0.019149478423894997,7.227851655052603e-05,0.019007653656320116,0.01928964767421841,1.6324592942642768,363.6928549477204,141.41373000071465,10000
0.3,5000,0.4,l1,0.1,2.7082387544458166,0.010166041977465035,2.688238660982014,2.7286466922340065,0.19149532873425182,0.0007278676196631056,0.1900765050264737,0.19294712797225783,1.701541384161191,349.2140683546227,14.142583907120693,10000
0.3,5000,0.4,l1,0.3,2.708174427132053,0.010289958529353221,2.6880476056512497,2.7282920175081093,0.5744657324061556,0.0022048716031681397,0.5701088965460858,0.5788530463025298,1.854690949241694,286.7402363204523,4.714248865269711,10000
0.3,5000,0.4,log_quadratic,0.01,0.8512210175651204,0.003992521111509709,0.8433074565087993,0.8589815151760811,7.199766400974832e-05,5.062616916683853e-07,7.10124222846945e-05,7.29926021831827e-05,0.510761409604676,301.4903225927919,11822.897718596356,10000
0.3,5000,0.4,log_quadratic,0.1,0.8513654387519466,0.004019058143971019,0.8433399978499475,0.8591669289083477,0.0071676213326355934,4.9906750580885564e-05,0.0070686663364069365,0.007264372476043368,0.5136863117842222,297.03077830780205,118.77935499682606,10000
0.3,5000,0.4,log_quadratic,0.3,0.851323863423713,0.003976362277322684,0.8435563291440757,0.8592154607115414,0.06232875220950052,0.00042139337563663995,0.061486336611777714,0.06314586593909548,0.535725818938028,279.0475799110502,13.658605912119466,10000
0.3,5000,0.6,quadratic,0.01,1.43973193170817,0.0101363782196097,1.4196791158304156,1.4599539613612766,7.200616483548344e-05,5.174374506646421e-07,7.099296921787076e-05,7.303090297360081e-05,0.5759359763821692,200.8593745364483,19994.56484035231,10000
0.3,5000,0.6,quadratic,0.1,1.4400633009727979,0.010042277011171882,1.4204718608833424,1.459777850159557,0.007200128243536625,5.056449443739185e-05,0.007101084011531336,0.007298385967933524,0.580345397335241,201.78181133010926,200.0052293881719,10000
0.3,5000,0.6,quadratic,0.3,1.4399729678534818,0.01016198229363649,1.4202962036724456,1.4601391251352696,0.0648003859970611,0.00045812830318602146,0.0639154125887192,0.06571017265490317,0.6148694187396295,191.18458748022505,22.22167269063473,10000
0.3,5000,0.6,l1,0.01,2.7080011068396654,0.010241662315882544,2.6878943013886363,2.728341031491704,0.01915003508480289,7.19675957204846e-05,0.019007434312727448,0.01929147704607687,1.0946904637867478,371.27915923533817,141.4097203920365,10000
0.3,5000,0.6,l1,0.1,2.7080014257649125,0.010328206392316078,2.6881563876427887,2.728235388906809,0.1915058441577642,0.0007280432482410152,0.19008738384624432,0.1929412923768814,1.1981040768006237,343.7240658544018,14.140568073390163,10000
0.3,5000,0.6,l1,0.3,2.7080835563766574,0.01036006608624517,2.687591708390965,2.7284148797371266,0.5744539494076281,0.0021871000490579005,0.5701551481627933,0.5787032666754219,1.4279057921952394,284.9727773456781,4.714187375975411,10000
0.3,5000,0.6,log_quadratic,0.01,0.8512113394420481,0.004045321640764671,0.8433295115841652,0.8593070156402404,7.199450150539624e-05,5.052009767313901e-07,7.102864355859282e-05,7.299350398906196e-05,0.3405277324777225,297.551814809501,11823.282634691855,10000
0.3,5000,0.6,log_quadratic,0.1,0.8512592737490017,0.003954082449430427,0.8435722951717495,0.8589335671042619,0.007167305066364368,4.9929854921786964e-05,0.007069636043626937,0.007265489968480275,0.34480409253941924,301.8731060363853,118.76978388207563,10000
0.3,5000,0.6,log_quadratic,0.3,0.8512657897678646,0.003952720453109591,0.8434164894734273,0.8590255941788938,0.06233877727514829,0.00042197080319593573,0.06150461227839045,0.06317678730026648,0.3779095822722348,280.6693531749634,13.655477809752078,10000
0.3,5000,0.8,quadratic,0.01,1.4399566925367395,0.0102292646388215,1.4201973837291884,1.4598859194454539,7.198903675761353e-05,5.059541327951262e-07,7.099688976736403e-05,7.296547507826516e-05,0.2880489297367539,199.0665551582597,20002.44422473746,10000
0.3,5000,0.8,quadratic,0.1,1.4401714870475504,0.010169494812358173,1.4201485468515798,1.4600786102653232,0.007200637381930702,5.0980315099615985e-05,0.007102449647056734,0.007302980672658319,0.29379480731505464,199.27256799247803,200.00611205079156,10000
0.3,5000,0.8,quadratic,0.3,1.4398977598376808,0.01012995763086189,1.4202604314934006,1.4602985013844028,0.06480488683404058,0.00046782478066191964,0.06388946823040914,0.06572952562036648,0.33982346143476855,191.76827448323232,22.21896881827952,10000
0.3,5000,0.8,l1,0.01,2.708027526461054,0.010214270101422849,2.6879014616475922,2.7278563144504786,0.01914905161757696,7.29587501644542e-05,0.019004678776786403,0.019294712567532478,0.5569247465862721,372.27832896235145,141.41836267104472,10000
0.3,5000,0.8,l1,0.1,2.7080233542053582,0.010306154654689476,2.6875995577951652,2.7279830007770083,0.1914935395183461,0.0007215153922926786,0.19007227042323196,0.19289123165679029,0.6947995024557485,344.4758269156025,14.141591204678292,10000
0.3,5000,0.8,l1,0.3,2.70819711576109,0.010213108781769238,2.688160950353413,2.728275418534375,0.5744899903637095,0.0021514793185410646,0.5703093304972493,0.5787681729023348,1.0012314154431856,289.1100492296865,4.714089298660419,10000
0.3,5000,0.8,log_quadratic,0.01,0.8512865264355898,0.003934850195907226,0.8436090057373267,0.8589891046599558,7.199585206430204e-05,5.069403921521963e-07,7.101128767402494e-05,7.298553311633606e-05,0.17031490196876936,305.93264386583667,11824.10516754876,10000
0.3,5000,0.8,log_quadratic,0.1,0.8513085706808619,0.003971911399124726,0.8435023133002565,0.8590099027883522,0.007168060424916424,5.045902081711026e-05,0.007069804022739963,0.007265312374037564,0.17599616247610547,300.53506137282824,118.7641454195453,10000
0.3,5000,0.8,log_quadratic,0.3,0.8513522338657331,0.00403732120111579,0.8435292770273255,0.8593945854744564,0.062324533238992716,0.0004265610222587172,0.061484354028708076,0.06317688643760977,0.22013007336434076,274.85484040773457,13.659985717038522,10000
0.3,5000,1.0,quadratic,0.01,1.4399958577875998,0.010208135769064286,1.4201677982878442,1.460309190590608,7.199944631755933e-05,5.128144862382072e-07,7.099594097004766e-05,7.301045446819804e-05,7.199944631755933e-05,199.48400890714007,20000.09627069051,10000
0.3,5000,1.0,quadratic,0.1,1.43995867076499,0.01014641635084277,1.4202468913654218,1.459769331143835,0.007199941040589101,5.132785020898457e-05,0.00709876592854168,0.00730049989865601,0.007199941040589101,199.69621109768556,199.99589755629057,10000
0.3,5000,1.0,quadratic,0.3,1.4401912987643473,0.010249891098505102,1.420249362925013,1.4606256864722043,0.0648005351375894,0.00045509658635368847,0.06390445849810306,0.06568146706381134,0.0648005351375894,189.58073099569705,22.22499082309157,10000
0.3,5000,1.0,l1,0.01,2.7080677658519288,0.01033944657202869,2.6877844100614023,2.7284051013350887,0.019149239046366322,7.262781744186873e-05,0.019007655457575937,0.01929337531673061,0.019149239046366322,367.77705753640464,141.4190798545491,10000
0.3,5000,1.0,l1,0.1,2.70804207480368,0.010142401648584353,2.688189752636372,2.7281591948474597,0.1914821536384021,0.000718796044461336,0.19007673851035997,0.19289970660273323,0.1914821536384021,350.02055711712813,14.142529856425101,10000
0.3,5000,1.0,l1,0.3,2.7081887602529053,0.010255981187370736,2.6881184970678045,2.7281436616201717,0.5744853852682259,0.002162258046359823,0.570279963996921,0.5787362360776153,0.5744853852682259,287.891098370588,4.714112542634062,10000
0.3,5000,1.0,log_quadratic,0.01,0.8513304617606117,0.003961289878017143,0.8435745431536174,0.8590573980803217,7.198818102703497e-05,5.043401381326141e-07,7.100897090363938e-05,7.296777735559357e-05,7.198818102703497e-05,303.90638043050296,11825.97545339973,10000
0.3,5000,1.0,log_quadratic,0.1,0.8512434769031901,0.00403147984419262,0.8432644403334123,0.8590327413354325,0.007168036495007131,5.105443295877472e-05,0.007069077494588435,0.007268019517523953,0.007168036495007131,296.07173365654546,118.75546078708173,10000
0.3,5000,1.0,log_quadratic,0.3,0.851296377524116,0.003998619846693771,0.8434707125815835,0.8591564011949682,0.062327613380669195,0.0004228854260615516,0.061501603615897085,0.06316476017145443,0.062327613380669195,277.49134404142853,13.658414486766537,10000
0.5,100,0.0,quadratic,0.01,4.00031112484001,0.19905773163294285,3.6219873771659548,4.401762142482821,0.00020013774141222705,9.889696870610054e-06,0.00018097594296963838,0.00021998935555797791,4.00031112484001,28.418947385586026,19987.78989216483,10000
0.5,100,0.0,quadratic,0.1,3.999700224659218,0.20097572563813584,3.618302685421276,4.4041966790419185,0.019989531366924388,0.0009889647429797922,0.018099817049943977,0.021982295631628616,3.999700224659218,28.003843144561223,200.0897445388494,10000
0.5,100,0.0,quadratic,0.3,4.001604984174196,0.19798654811222013,3.6226417705504037,4.397122711760655,0.17996010048689978,0.00897492867776228,0.16304356690003485,0.19794816474085475,4.001604984174196,27.269921324233557,22.236067735833995,10000
0.5,100,0.0,l1,0.01,4.513603120445193,0.11946466468958802,4.28116941688247,4.743961842749355,0.03191034570094317,0.0008616702764666757,0.03021591547922524,0.033604697450321144,4.513603120445193,53.05255626515588,141.44638741133366,10000
0.5,100,0.0,l1,0.1,4.513287634073432,0.11981873095727862,4.282529955438832,4.750922340016083,0.3190807304485697,0.008504657307375374,0.3026006758461691,0.3360133243607451,4.513287634073432,49.3797488416004,14.144657459347567,10000
0.5,100,0.0,l1,0.3,4.514242323153605,0.11984834830546406,4.282158463742136,4.747132099233675,0.9576399403944998,0.025728948587807367,0.9085018704927397,1.0086973779103496,4.514242323153605,41.03309951523101,4.71392444355857,10000
0.5,100,0.0,log_quadratic,0.01,1.532344481937419,0.03958989122025988,1.4540715427788256,1.6106409375655464,0.00020001519128392623,9.890873207450937e-06,0.00018130665644405255,0.00021998645672096566,1.532344481937419,54.73062314596247,7661.140496884661,10000
0.5,100,0.0,log_quadratic,0.1,1.5319231895066323,0.039989327557573194,1.4530728511359887,1.6107560960245946,0.019724068901398693,0.0009801511742502256,0.017821304425320223,0.021690893929973525,1.5319231895066323,53.462524763151016,77.66770625091453,10000
0.5,100,0.0,log_quadratic,0.3,1.532119439117036,0.03960664837833191,1.452739162785333,1.6083021924611316,0.16278116424432895,0.007416018375875194,0.1487138179508664,0.17778838298021077,1.532119439117036,48.05902987625866,9.412142038850252,10000
0.5,100,0.2,quadratic,0.01,4.005585657927433,0.20041769325394862,3.616866155632662,4.4046750069060625,0.00019989038734006902,9.993809331778386e-06,0.00018084600119941925,0.00021996024295834545,3.2045085044194153,28.263327333937315,20038.910881256237,10000
0.5,100,0.2,quadratic,0.1,4.003105239401768,0.20196070498275218,3.6166723331295527,4.409072982277188,0.0200002330568179,0.0010049217483943259,0.018115356700065248,0.02200619422079223,3.206484238132779,27.89102656995931,200.15292961984488,10000
0.5,100,0.2,quadratic,0.3,4.0000845203811926,0.1998019612103206,3.6172452538394055,4.397248919730454,0.17988152418066014,0.009073113784342115,0.16264291591520694,0.19816502010569081,3.2360439211410856,27.01185252581581,22.23732836710786,10000
0.5,100,0.2,l1,0.01,4.513822428776625,0.12063229726003966,4.280450670079494,4.752839526830296,0.0319176368727362,0.0008572730662088515,0.030251229387841652,0.03366789976837953,3.617441470395848,52.541571708839996,141.42094688195093,10000
0.5,100,0.2,l1,0.1,4.512856742020926,0.12069964977510521,4.278423610313432,4.7515776067839495,0.3192208680087725,0.008403345286385066,0.30289237618519893,0.3360062233107537,3.6741295672184955,49.0173343414488,14.137098148285558,10000
0.5,100,0.2,l1,0.3,4.5128791980927785,0.11958295711525753,4.283878246924903,4.747135550352663,0.9575175797017444,0.02570377421382729,0.9073020869608522,1.0075203975108888,3.801806874414572,41.10757318123307,4.713103230437281,10000
0.5,100,0.2,log_quadratic,0.01,1.5324390921325415,0.03966861769846449,1.4561446521622838,1.6110442987202107,0.00019995343549401653,1.0004593897484879e-05,0.00018102366494517725,0.00022035335335336567,1.2259912643931319,54.625379646458036,7663.979807830802,10000
0.5,100,0.2,log_quadratic,0.1,1.5325738009992482,0.039449947107241146,1.4547803322687658,1.6097009566613558,0.019765851395342458,0.00097054433733379,0.017906788123617626,0.021722508559800364,1.230012211078467,54.21518961306287,77.53644254152277,10000
0.5,100,0.2,log_quadratic,0.3,1.5319653352606968,0.03977945857390181,1.4541352038563207,1.6100077971346358,0.1626743169085938,0.007305240469000584,0.1487014786224371,0.17720698723089875,1.2581071315902765,47.87947619514998,9.417376783094184,10000
0.5,100,0.4,quadratic,0.01,3.9993692939321592,0.19797097535304944,3.623477585214302,4.39489287460752,0.00020005854462970722,9.920422474063732e-06,0.00018112136957722734,0.00022000315419061126,2.3997015997771474,28.568224982088463,19990.994642766596,10000
0.5,100,0.4,quadratic,0.1,4.000649201654245,0.20187506370263655,3.612564414709936,4.406839941908131,0.019988960800274402,0.001000421639345826,0.018083992442393157,0.02198491207460033,2.4083851053126573,27.885735226130254,200.14293097214568,10000
0.5,100,0.4,quadratic,0.3,3.999363566307424,0.20047624244625847,3.619894287528105,4.400715606252121,0.18008761923824965,0.008951088335916471,0.1629685772488411,0.1980956485401822,2.4716531874797543,26.915388957497914,22.20787627280699,10000
0.5,100,0.4,l1,0.01,4.513165081151229,0.12075497586583747,4.281118620472197,4.751751888769777,0.03191266387148618,0.0008582655765051129,0.03024827173368176,0.033610040729869735,2.7206641142393315,52.48055272829041,141.42238640202396,10000
0.5,100,0.4,l1,0.1,4.512694024976182,0.12040787444253179,4.275916100589512,4.75003644534751,0.31919444103878464,0.008528900695206116,0.302529405185981,0.3360144906329518,2.835294191401223,49.13035789187026,14.137758822773025,10000
0.5,100,0.4,l1,0.3,4.512951737684912,0.11994702761706387,4.282119843707934,4.745644586680748,0.9577248649077544,0.025537323364132513,0.9077840218679201,1.0077580943861735,3.0908609885740495,40.998354159836815,4.712158891394751,10000
0.5,100,0.4,log_quadratic,0.01,1.5325496199920143,0.03949254503721342,1.455581308487954,1.6096129019262726,0.00019978605976974707,9.924875861988166e-06,0.00018098727245708217,0.00022011181836769378,0.9196096864191164,54.87288416010074,7670.953727994205,10000
0.5,100,0.4,log_quadratic,0.1,1.5322879676682706,0.03956461616563209,1.4550295918334442,1.608813296081418,0.019743944043430217,0.0009740071682669736,0.017871023546647307,0.02168170788171287,0.9272703582183345,54.04860660835063,77.60799789027655,10000
0.5,100,0.4,log_quadratic,0.3,1.5321605133932683,0.03951808194211014,1.4551424105850188,1.6085859691197584,0.16273363717999575,0.0074100150981169155,0.14838416855435774,0.17731014937667236,0.9843897629079593,48.16752008713345,9.415143297624342,10000
0.5,100,0.6,quadratic,0.01,4.000245656822281,0.20058979414936515,3.6082813949948678,4.400905926062457,0.00019988481329549023,1.0006591682142796e-05,0.00018108021975137836,0.00021998210348396624,1.6002181936168893,28.20142967810743,20012.754300191416,10000
0.5,100,0.6,quadratic,0.1,4.000750693379746,0.20186146272872638,3.621329698037861,4.410590308240348,0.02001905167609752,0.0009950017321331966,0.018123712396949047,0.022058960825651473,1.6123117083575573,27.88811797764582,199.84716349758907,10000
0.5,100,0.6,quadratic,0.3,4.002134767599163,0.20087708139623497,3.621360631561064,4.39897707003409,0.18017600704780612,0.009004552241008186,0.1630316731649754,0.198215214340741,1.708959511268349,26.880337038080725,22.2123624181397,10000
0.5,100,0.6,l1,0.01,4.51578511003009,0.12133835074319428,4.280208617120084,4.761341479732376,0.03191474266226307,0.00085481391007938,0.030262082809916505,0.03361289321334888,1.8254628896093938,52.25876976113848,141.49526937498035,10000
0.5,100,0.6,l1,0.1,4.513011982171351,0.12196256119874714,4.279931663938382,4.753361584226057,0.3191544750139212,0.0085922798494048,0.3027056347522645,0.3362091241110831,1.9966974778768933,48.50952790645036,14.14052546803393,10000
0.5,100,0.6,l1,0.3,4.513085106079435,0.12008795793660022,4.278918225045239,4.746852089436643,0.957707752863031,0.025357714793268708,0.9077351705020364,1.0086192207592002,2.3798586941495925,40.966480333399666,4.71238234481003,10000
0.5,100,0.6,log_quadratic,0.01,1.5317552935629923,0.0393675359920541,1.4537637797449474,1.6076616024078447,0.0001999343311199949,9.960083468131117e-06,0.00018066998584047848,0.00021952900261792944,0.6128220780238691,55.01858921693012,7661.292010143453,10000
0.5,100,0.6,log_quadratic,0.1,1.531635170639341,0.039638814630490876,1.4540683994556534,1.6093474376688675,0.01975644425444343,0.0009835752939908824,0.017894931599026265,0.02171489979899854,0.6245079348084026,53.92344589472963,77.52585186450544,10000
0.5,100,0.6,log_quadratic,0.3,1.5323106909737692,0.03986298127921307,1.4543701766104384,1.609256813634269,0.1627147171020612,0.007513044984465092,0.1482973199553939,0.17763170595942002,0.7105531066507444,47.74832192451364,9.417161018155735,10000
0.5,100,0.8,quadratic,0.01,4.000646057555693,0.19987077223893007,3.621788522429583,4.399716195078721,0.00020010791105075717,9.952893143705047e-06,0.00018140267310733207,0.00022040650481475134,0.8002892978399789,28.305713972778545,19992.443259981526,10000
0.5,100,0.8,quadratic,0.1,4.0001363900813445,0.20065773563750663,3.6092509938045043,4.408055481466834,0.020006934906521258,0.0009879644608117174,0.018158567499315558,0.02199978700127396,0.8160328259414859,28.051172870939872,199.93749211317225,10000
0.5,100,0.8,quadratic,0.3,4.000766122191788,0.20304281608675287,3.6132684536166004,4.4122582169603985,0.17976522061794067,0.009033111172693611,0.16254965829643628,0.19754427721096698,0.94396540093271,26.58735577550397,22.25550697982182,10000
0.5,100,0.8,l1,0.01,4.513042191988586,0.12073538886001317,4.2813088626965685,4.748065718875111,0.03191862475647673,0.0008460908553709834,0.030266302762681246,0.033584138325314525,0.9281433382028985,52.48759439369038,141.39212533186688,10000
0.5,100,0.8,l1,0.1,4.513131519200462,0.11999420761889602,4.2810717654043104,4.749111092997559,0.31903807904733855,0.00854733609924892,0.30238807590816913,0.3361106389833633,1.157856767077963,49.30532458097572,14.146059093249518,10000
0.5,100,0.8,l1,0.3,4.51316336009791,0.12038852622915079,4.282280898834607,4.746674469214438,0.9577008690099214,0.02541948755437328,0.9079201404170907,1.0067517210650923,1.668793367227519,40.86529612830818,4.712497927211504,10000
0.5,100,0.8,log_quadratic,0.01,1.5316744501340496,0.03960389669312785,1.4547684432397248,1.6089466554199938,0.00019999691704422336,1.001469703279403e-05,0.00018117119723476605,0.0002200355093286524,0.3064948875604452,54.6873427557762,7658.490304604873,10000
0.5,100,0.8,log_quadratic,0.1,1.5318251943535246,0.03926460806229369,1.4550373000770123,1.607552613917839,0.019762082567989187,0.0009713454201976635,0.01789439099854937,0.02171939726065577,0.3221747049250962,54.4440968874346,77.5133485594676,10000
0.5,100,0.8,log_quadratic,0.3,1.531575939971505,0.03991627484445539,1.4540873412751234,1.6094848214641313,0.16272509687122438,0.0073382859608853756,0.1487287483022686,0.17752843160114437,0.4364952654912804,47.69834451308652,9.412045034353532,10000
0.5,100,1.0,quadratic,0.01,4.002798086833435,0.19892502594637723,3.624405673540095,4.403598840538331,0.0002002544136900566,9.980499304735001e-06,0.00018116627021446934,0.00022002781460994284,0.0002002544136900566,28.45558574281424,19988.563613028567,10000
0.5,100,1.0,quadratic,0.1,3.9975597533982117,0.2011513398807209,3.605132057340193,4.398743042092559,0.020012284885256266,0.0009782435721904204,0.018165770911203166,0.021971683423908966,0.020012284885256266,27.964193825599928,199.75528912959612,10000
0.5,100,1.0,quadratic,0.3,3.9979957188562505,0.19903425445428619,3.616500922078531,4.3966325394753945,0.17996499543600958,0.008994407162983449,0.16258723643222975,0.19813165095468838,0.17996499543600958,27.1008924924189,22.215407552841707,10000
0.5,100,1.0,l1,0.01,4.512686773395246,0.12004222855486214,4.279423063757504,4.74892566442691,0.03191833146019754,0.0008581165390602154,0.030236225535044327,0.033610894530725764,0.03191833146019754,52.78643755032704,141.38228932870783,10000
0.5,100,1.0,l1,0.1,4.515751421015656,0.12158984503976605,4.281518344244048,4.75900424074035,0.3191989963391773,0.008560330129877875,0.30253052998335295,0.33609505709689863,0.3191989963391773,48.68965373978639,14.14713540081833,10000
0.5,100,1.0,l1,0.3,4.513136375381954,0.12090140834076556,4.274330378374782,4.752825818692074,0.9571834530076155,0.025373779070017973,0.9079023138699632,1.007302474616072,0.9571834530076155,40.70800322403487,4.715017127804493,10000
0.5,100,1.0,log_quadratic,0.01,1.5317110271850196,0.039336534759455845,1.4547469073870882,1.6083191209061314,0.00019987126909919482,1.0073314730341744e-05,0.00018071170350712808,0.00022017213305896205,0.00019987126909919482,55.06036029482987,7663.4877743476045,10000
0.5,100,1.0,log_quadratic,0.1,1.5325063034166548,0.03919846782925415,1.4544195356030232,1.6097824915373713,0.019743509420431907,0.0009734407219268603,0.01788012292122514,0.02172449277404113,0.019743509420431907,54.561068282323504,77.6207649198736,10000
0.5,100,1.0,log_quadratic,0.3,1.5320891842317943,0.03950404012527168,1.454099970412633,1.6094192182762421,0.16276521546613118,0.007450456227056491,0.1483895294296247,0.17740406870845427,0.16276521546613118,48.17147936119534,9.412878420270316,10000
0.5,500,0.0,quadratic,0.01,4.000496635974135,0.08948507599291655,3.8306949713430978,4.178926512148326,0.0001999813827561788,4.4750213046204725e-06,0.00019129490809477193,0.00020876802719925307,4.000496635974135,63.22030475576337,20004.345308741154,10000
0.5,500,0.0,quadratic,0.1,4.001014806820593,0.0891721236371462,3.829178447387912,4.18203381410012,0.019998839785797477,0.00044538335550742123,0.019136015271325454,0.020880969749153176,4.001014806820593,63.13561144203822,200.0623460997964,10000
0.5,500,0.0,quadratic,0.3,3.9978547550045036,0.08982780710251209,3.825636320511001,4.175473805645698,0.17998909242688446,0.004044415405316189,0.17227030860163012,0.18811143438013309,3.9978547550045036,60.0461400133668,22.21165016779292,10000
0.5,500,0.0,l1,0.01,4.5130040177684005,0.05355568655163026,4.407535082398264,4.619399990016056,0.03191180551977424,0.0003792196403401232,0.031160604739780984,0.03265128844386597,4.5130040177684005,118.32660405919906,141.42114318702227,10000
0.5,500,0.0,l1,0.1,4.5141975902786955,0.054248865710812326,4.408377978880759,4.620784357890436,0.31910014934413977,0.003803908057225924,0.31176969704614943,0.32661012896199587,4.5141975902786955,109.09412031754357,14.146648315762056,10000
0.5,500,0.0,l1,0.3,4.513639425689006,0.05438878120188878,4.406567511330313,4.621639804838885,0.9573222997183802,0.01143835775108253,0.9354529061523764,0.9799219541338372,4.513639425689006,90.49159512376238,4.714858754483003,10000
0.5,500,0.0,log_quadratic,0.01,1.5320604005704697,0.01774803445872671,1.497895330124762,1.5668431231609172,0.00020001519275375087,4.4905013201790045e-06,0.00019137851497496235,0.00020893547989922883,1.5320604005704697,122.06296242886341,7659.720141642785,10000
0.5,500,0.0,log_quadratic,0.1,1.5318871124001114,0.01765636326503665,1.4964515336837223,1.5654005032785119,0.019759251625823936,0.00043104708641770106,0.018921658992262187,0.02061154007161265,1.5318871124001114,121.08012934690558,77.52758765408119,10000
0.5,500,0.0,log_quadratic,0.3,1.5322386746808478,0.01760390090409712,1.4982007040234315,1.566850697544033,0.1627186787550592,0.003311000820514472,0.15629723388052041,0.16929487276966942,1.5322386746808478,108.12485789440927,9.416489160333771,10000
0.5,500,0.2,quadratic,0.01,4.001874740155276,0.08979199852234958,3.825113396719301,4.179277218324292,0.00019995453863278162,4.517856922855334e-06,0.0001912913141631385,0.00020900806527989605,3.2015397830319476,63.02591366705739,20013.923002291816,10000
0.5,500,0.2,quadratic,0.1,4.000693704540392,0.089234754165775,3.827826402128169,4.176284741492383,0.02000916627915131,0.0004477264173065339,0.019133492526080376,0.02090152605550493,3.204556796888144,63.08603924186335,199.9430485371568,10000
0.5,500,0.2,quadratic,0.3,4.000052878913227,0.08902602801965824,3.8236714480981884,4.17405242340852,0.18002607559729844,0.004006713009109487,0.17237320302296577,0.187856421117349,3.2360475182500408,60.62126761605865,22.219297208149847,10000
0.5,500,0.2,l1,0.01,4.513210801381907,0.053872030988437444,4.408068118737708,4.6179337340624915,0.03191556866693233,0.0003833377196291791,0.03116277668338319,0.03267970444478597,3.616951754838912,117.63707327101915,141.41094738061295,10000
0.5,500,0.2,l1,0.1,4.513371126973527,0.05402196878533643,4.4080912445632965,4.619204117851284,0.31912661276830506,0.0037799235172307675,0.3117666617030421,0.32668462717157704,3.6745222241324833,109.53119252019556,14.142885445440308,10000
0.5,500,0.2,l1,0.3,4.513863290424969,0.05416491174441591,4.409693370474007,4.62113054291223,0.9575150579669766,0.011355792747017297,0.9356293848909594,0.9798649581721202,3.802593643933371,90.87837387570491,4.714143399487559,10000
0.5,500,0.2,log_quadratic,0.01,1.5320576829299428,0.017532655347905945,1.497198280418754,1.5669205689534969,0.00019994838729955132,4.511330888061781e-06,0.00019122476006302943,0.00020884799905367804,1.2256861360214142,123.5622254080787,7662.265765788353,10000
0.5,500,0.2,log_quadratic,0.1,1.5317948554796916,0.017673104649010632,1.49716881763261,1.5659131574777159,0.019749854784062874,0.0004382757105139998,0.0188936712772281,0.020613488142711866,1.2293858553405659,120.95765614249235,77.5598034632524,10000
0.5,500,0.2,log_quadratic,0.3,1.5321364994933775,0.017923923374146715,1.4966512458555505,1.5666105573754145,0.16280140243470234,0.0032921166508840596,0.15625051954564403,0.1693586250672951,1.2582694800816425,106.26420325897425,9.41107678791587,10000
0.5,500,0.4,quadratic,0.01,4.000799336637463,0.0886216587802748,3.8295836774406102,4.175720200407815,0.0002000187239870313,4.450746508030093e-06,0.00019132985732066017,0.0002088057746055047,2.4005596094720723,63.8410732065651,20002.124085627423,10000
0.5,500,0.4,quadratic,0.1,4.000352791851883,0.0893215546265735,3.8297063312730235,4.177074227712058,0.01999980640992142,0.0004453976167009968,0.019124975091922843,0.02089206786719987,2.408211597675098,63.01949420073476,200.01957568286284,10000
0.5,500,0.4,quadratic,0.3,3.9988632222557405,0.09004059516645886,3.822450505632557,4.179459665218025,0.17999318957404903,0.004079454287290896,0.17217939866023574,0.18823448503460466,2.471315209183064,59.919231667384196,22.216747376492332,10000
0.5,500,0.4,l1,0.01,4.513868501576312,0.05396564970173424,4.409689067596385,4.619322159192954,0.03191907473604998,0.000381488781252003,0.03116907258177639,0.03266263428963513,2.721088730840207,117.45018050269431,141.41601969678234,10000
0.5,500,0.4,l1,0.1,4.512988986715195,0.05375881899494484,4.4078500495167665,4.617021170219434,0.3192185462287703,0.003813888588847169,0.3117856071483497,0.32673828422076706,2.835480810520625,110.04739022019456,14.137615248335004,10000
0.5,500,0.4,l1,0.3,4.513564791207147,0.053446492983585475,4.409600320005917,4.619657831197688,0.957559784677894,0.011482900759129647,0.9351725845294405,0.9801041924975921,3.0911627885954456,91.99391786612657,4.713611477246227,10000
0.5,500,0.4,log_quadratic,0.01,1.5318663756659894,0.017757468985633924,1.4966058353958787,1.5667571084880816,0.00020001354666197683,4.492779050270536e-06,0.00019125723623552305,0.0002087303047516768,0.9191998308182583,121.98265838238953,7658.813121567438,10000
0.5,500,0.4,log_quadratic,0.1,1.5322061585371196,0.017746571843582592,1.497047778953861,1.566823721953811,0.019754859697892358,0.00043564577764770336,0.0189171309219814,0.020613711857068975,0.9272256390014286,120.49002909382067,77.56097395622558,10000
0.5,500,0.4,log_quadratic,0.3,1.5317177536281654,0.017505555748066837,1.4974770107574193,1.5658237954625778,0.16269508652958584,0.003306010640333853,0.1563080122783088,0.1692920734521545,0.9841086867887335,108.67754895509688,9.414652810363913,10000
0.5,500,0.6,quadratic,0.01,3.999868687828772,0.08878554287626411,3.828709983919322,4.173874362410876,0.00019997190913692672,4.446715603954303e-06,0.00019120235714883936,0.00020866938801253812,1.6000674582769912,63.708409643242824,20002.152827825146,10000
0.5,500,0.6,quadratic,0.1,4.000348949776134,0.0890362088153789,3.82866871754739,4.177100034918398,0.0200017577216997,0.00044680156181986676,0.019124106261064394,0.020885979163418538,1.612140634543474,63.22135883514422,199.99987028321002,10000
0.5,500,0.6,quadratic,0.3,3.9995493636774553,0.09044806660063211,3.8258287126400963,4.179583458807861,0.18002919069222686,0.004044801043468826,0.1722482103932753,0.18802653425898475,1.7078372598863185,59.66102239139877,22.21611588820048,10000
0.5,500,0.6,l1,0.01,4.513107733379568,0.0536883756515265,4.408536891035499,4.617558062556109,0.03191887313865999,0.00038090467987030594,0.031180315875344342,0.03267426022287778,1.8243944172350235,118.03669778840946,141.3930784390165,10000
0.5,500,0.6,l1,0.1,4.514033118084259,0.05381815673627071,4.407664404597044,4.61920266145922,0.3191901150617288,0.0037993797779998,0.31181870372149467,0.32661011587235855,1.997127316270741,109.95686315398301,14.142145715293475,10000
0.5,500,0.6,l1,0.3,4.513893957141908,0.05415570223389237,4.406447994583589,4.619541701463302,0.9576525149021401,0.011396711638813613,0.9349290260192212,0.9798546289584227,2.3801490917980472,90.87663262353999,4.713498776331383,10000
0.5,500,0.6,log_quadratic,0.01,1.5321543681600605,0.017705680204567465,1.497407356798848,1.566699306881079,0.00019994035029575647,4.503191120100226e-06,0.0001912112835216899,0.00020871575067217156,0.6129817114742017,122.36246411560629,7663.057336318865,10000
0.5,500,0.6,log_quadratic,0.1,1.5318378338069454,0.0175318564513901,1.4974532334459207,1.5663219019831551,0.019754226790321044,0.00043645363032062437,0.018905742506728968,0.020613109564906532,0.6245876695969708,121.93499375374128,77.54481357668215,10000
0.5,500,0.6,log_quadratic,0.3,1.5320737321362485,0.018013628553672282,1.497043937606135,1.5669617873185473,0.16274762766178377,0.0033107971710905786,0.15637355042781445,0.16943667132091625,0.7104780694515698,105.73202952547153,9.413800705716882,10000
0.5,500,0.8,quadratic,0.01,3.9991370870125027,0.08829296918156056,3.8284055624456066,4.17427658969485,0.00020005480524470495,4.477875879255411e-06,0.00019143366977853444,0.00020887200483592195,0.7999874612466963,64.05211005103986,19990.20759396806,10000
0.5,500,0.8,quadratic,0.1,4.000289065296878,0.08953073678167298,3.826271599029674,4.1762277635232286,0.020005203114864742,0.00044536562533516557,0.01913650742103263,0.020891738717243504,0.8160619755512672,62.871165578633054,199.96243188975612,10000
0.5,500,0.8,quadratic,0.3,4.001019377864668,0.08926386939419217,3.8254542044494024,4.172029990925768,0.18002953486738976,0.004044231010357509,0.17213305076518265,0.1879849993553125,0.9442275034668454,60.47416719140818,22.224238821767937,10000
0.5,500,0.8,l1,0.01,4.513157799398605,0.05481225855405069,4.406020267543032,4.620139281198971,0.031912711254755644,0.00038365469996912046,0.031160108194408138,0.03267354431128441,0.9281617288835254,115.61797508093089,141.42194824408887,10000
0.5,500,0.8,l1,0.1,4.513531977056738,0.05402482674707008,4.407904346789189,4.619657288583311,0.3190896591273669,0.003809468437055866,0.31165205523678974,0.3264141746980765,1.1579781227132406,109.52640513841766,14.145027417686167,10000
0.5,500,0.8,l1,0.3,4.513593791326469,0.05416458495413338,4.407705769746034,4.621218883901775,0.9577563053470809,0.011431697347297091,0.9353589161454293,0.9797526931966398,1.6689238025429582,90.84020033376282,4.712674577162705,10000
0.5,500,0.8,log_quadratic,0.01,1.5321035459120613,0.01802197675596159,1.496826058326482,1.5665311132540858,0.00019998869398713247,4.4457381297684065e-06,0.00019150513303255957,0.00020866721443130312,0.3065807001376019,120.21093747285273,7660.950803602122,10000
0.5,500,0.8,log_quadratic,0.1,1.5320662692133828,0.017854160386738444,1.4971135397423139,1.5670455410529738,0.019756408182302652,0.00043400812321697834,0.01891568239000524,0.02060531859968724,0.3222183803885186,119.7534612598681,77.5478141105514,10000
0.5,500,0.8,log_quadratic,0.3,1.5318840945493386,0.017872185387660937,1.4966882156872152,1.5665025714650198,0.1627376914586482,0.0033336210114893036,0.15630014332228384,0.16920683507077316,0.43656697207678624,106.50272841007455,9.413210183939421,10000
0.5,500,1.0,quadratic,0.01,4.00065638703508,0.09040880684432599,3.827263805532289,4.17818524901434,0.0001999375368085223,4.4219452647742735e-06,0.000191373220039564,0.00020875333615790303,0.0001999375368085223,62.57686565356303,20009.53123107873,10000
0.5,500,1.0,quadratic,0.1,4.001016578115502,0.09004540965771515,3.8240634852174122,4.177959616914675,0.020001889587204988,0.00044159924618814554,0.019152836874783974,0.020884383384276464,0.020001889587204988,62.52331222064134,200.03193001699765,10000
0.5,500,1.0,quadratic,0.3,4.00029583278102,0.0905099078630321,3.8253311662944003,4.180446705123206,0.17999552014824774,0.004037823929334697,0.1721696836494237,0.18799576360719752,0.17999552014824774,59.6327223709604,22.22441886045997,10000
0.5,500,1.0,l1,0.01,4.513734192896037,0.05408900392784413,4.407806122924328,4.619070186317829,0.031915269250507576,0.00038472297392748114,0.031164115900193398,0.03266513749664483,0.031915269250507576,117.17887778869411,141.42867344991149,10000
0.5,500,1.0,l1,0.1,4.513679385417835,0.05348648311509389,4.407606232049079,4.618815512791926,0.31913780558732063,0.003866995414774409,0.31169573112865195,0.3267498129067361,0.31913780558732063,110.61738025718158,14.143355335514546,10000
0.5,500,1.0,l1,0.3,4.513941121436042,0.05440284327370015,4.4091195912373005,4.620660157498244,0.9575990938357478,0.01147960976612143,0.9351852761379594,0.980333786959123,0.9575990938357478,90.4559940574091,4.713810978407521,10000
0.5,500,1.0,log_quadratic,0.01,1.532046041189734,0.017598651953519256,1.4973653446305344,1.566380624352765,0.00019999598949665742,4.494931685039156e-06,0.00019125073353951324,0.00020879879896947947,0.00019999598949665742,123.09791611591577,7660.383815923166,10000
0.5,500,1.0,log_quadratic,0.1,1.5320541559571177,0.017686486696816606,1.4970547330412705,1.5662937162653647,0.019762268941311494,0.00043563756060523016,0.018912436825700027,0.020617822794946984,0.019762268941311494,120.8863728865559,77.52420334461075,10000
0.5,500,1.0,log_quadratic,0.3,1.5322237016913478,0.017866906644212165,1.4975094382503367,1.5676215724705997,0.16270013368945715,0.0033139340015460378,0.15623752736563665,0.16922518813248275,0.16270013368945715,106.58359788599967,9.417470452826276,10000
0.5,1000,0.0,quadratic,0.01,3.998756410544287,0.06289407537282,3.8777463441208644,4.1222020064880995,0.00020005163758561855,3.1701236089106727e-06,0.00019384673895772456,0.00020625712577640806,3.998756410544287,89.91010030715138,19988.62123202011,10000
0.5,1000,0.0,quadratic,0.1,4.000738202830583,0.0635738652152505,3.8773687392896803,4.1264283893182325,0.01999633751649598,0.00031005837029695016,0.01939621896896003,0.020595238264163956,4.000738202830583,88.55135930514305,200.07354844506767,10000
0.5,1000,0.0,quadratic,0.3,3.999921059794578,0.06285129343981335,3.8764092664625918,4.122990828849661,0.17997784888352802,0.002824588476114163,0.17454475944120904,0.18570387632352245,3.999921059794578,85.86566935058192,22.22451865386563,10000
0.5,1000,0.0,l1,0.01,4.513908940487142,0.0380832031039386,4.439679019501327,4.589391473228423,0.0319166245748158,0.00027162083823470775,0.03138160539525339,0.032449759158016844,4.513908940487142,166.43382358867945,141.42814287601382,10000
0.5,1000,0.0,l1,0.1,4.513744810947864,0.038472610179402005,4.435934982704527,4.58842019616356,0.31914200099205203,0.002691744706931448,0.3139227163453016,0.32439397775540313,4.513744810947864,153.81327453082588,14.1433744130102,10000
0.5,1000,0.0,l1,0.3,4.513508205886784,0.03775703282201923,4.439000570295093,4.588746793777187,0.9574093407358739,0.008070263840401944,0.9418850084466105,0.9732655036553288,4.513508205886784,130.25379755830014,4.714293055066351,10000
0.5,1000,0.0,log_quadratic,0.01,1.5319278365977624,0.012510361763543917,1.5074037810134755,1.5564018083635338,0.000199966095131387,3.1546210703677222e-06,0.00019384010945629025,0.00020623169786974834,1.5319278365977624,173.1516882088504,7660.93789845331,10000
0.5,1000,0.0,log_quadratic,0.1,1.5320625769150225,0.012623555008826474,1.5074454825587023,1.5569212259219272,0.01975190783654375,0.00030698623317046013,0.01915555299430858,0.02036753953457462,1.5320625769150225,169.3736926779989,77.56529594981684,10000
0.5,1000,0.0,log_quadratic,0.3,1.5322473682877176,0.01257918871167917,1.5078629014446052,1.5566957539144097,0.16276288728762162,0.002323256900226084,0.15827770088959323,0.1673575741290895,1.5322473682877176,151.40352556328202,9.413984931221158,10000
0.5,1000,0.2,quadratic,0.01,3.9996569334577927,0.06333687897549957,3.8776151230522844,4.125154938877191,0.00020002145790890612,3.164213577264106e-06,0.00019379802901094408,0.00020626095948285912,3.1997655510578165,89.30162476440644,19996.139290612104,10000
0.5,1000,0.2,quadratic,0.1,3.999739304623616,0.06265397184395023,3.87728862087755,4.121442038039648,0.02000674810038571,0.00031291814922828546,0.019395955743697298,0.02062227644682021,3.20379279331897,89.82864768523079,199.9195113845865,10000
0.5,1000,0.2,quadratic,0.3,4.000731819943906,0.06357377942812707,3.8781075014739583,4.126736171569777,0.18002402600550282,0.0028638227766063108,0.17438417841665843,0.18569014991979413,3.2365902611562247,84.90643202201191,22.223321568320078,10000
0.5,1000,0.2,l1,0.01,4.513640990680222,0.03852002854288307,4.4373221532892355,4.588734324320561,0.031916574089183726,0.0002714393016372343,0.031393100733901766,0.032460379214918206,3.6172961073620145,164.53669261031825,141.4199712684658,10000
0.5,1000,0.2,l1,0.1,4.513967422862627,0.038199073049792594,4.43785271619528,4.588011828243457,0.31912778344132614,0.0026872669528568943,0.3138659375590198,0.32444046669125215,3.6749994949783664,154.9193011593914,14.14470208198764,10000
0.5,1000,0.2,l1,0.3,4.512830099489739,0.03832902162951942,4.438338515998576,4.588640881887045,0.9575322623212029,0.008078601499317207,0.9418902692305118,0.9735907856924244,3.8017705320560315,128.358563251705,4.712979684412885,10000
0.5,1000,0.2,log_quadratic,0.01,1.5324338482727435,0.01268408065757539,1.5075369690567464,1.5578197950745725,0.000200012380656628,3.1512758977334496e-06,0.00019387863091308472,0.000206178984972757,1.2259870810943259,170.83664658630317,7661.694957291445,10000
0.5,1000,0.2,log_quadratic,0.1,1.5322519475071004,0.012399702891822954,1.5079126096563222,1.556637733411138,0.019754595342694015,0.00030820234635938506,0.019143820372035093,0.020364185207598796,1.2297524770742192,172.4504091466696,77.5643297635952,10000
0.5,1000,0.2,log_quadratic,0.3,1.5322419352125662,0.012458306142703995,1.5078319793065336,1.5565580026326074,0.16269427167442446,0.0023318929298611654,0.15811225576686377,0.16724721298493542,1.258332402504938,152.8113743625415,9.417921844715044,10000
0.5,1000,0.4,quadratic,0.01,3.9992964643166444,0.06267764887917393,3.8773344931172353,4.122755044954723,0.00019997669370506454,3.148252616960135e-06,0.0001938317335941625,0.00020613874956931422,2.3996578692674686,90.2327477822754,19998.812812732085,10000
0.5,1000,0.4,quadratic,0.1,4.0001738475420865,0.0631405588843074,3.879394933107172,4.125207344055784,0.019996333794666737,0.00031276189172813734,0.019391881792764104,0.02061541025979579,2.4081028420431183,89.14637541742556,200.045362745894,10000
0.5,1000,0.4,quadratic,0.3,4.001587237539521,0.06299679595554099,3.8781382774521918,4.126113452784551,0.1800129939223859,0.002829518769341763,0.17447736684779644,0.18558867328807999,2.472957540092667,85.70402325251295,22.22943549988863,10000
0.5,1000,0.4,l1,0.01,4.512936102566741,0.03839586178695868,4.437416904610334,4.58957152915899,0.031914404654519064,0.00027042085845965005,0.031372140381851765,0.03244799842145057,2.720527423401852,165.04290301024972,141.40749769329352,10000
0.5,1000,0.4,l1,0.1,4.513706887808337,0.03799654535267401,4.439434779269658,4.5882140357561365,0.3191398134516642,0.0027034463668503734,0.31383967643290406,0.32441703416613094,2.8358800580656687,155.7261472437266,14.14335252938276,10000
0.5,1000,0.4,l1,0.3,4.513929070540638,0.0384807580484039,4.437907919336713,4.588826202071956,0.9573443814565975,0.008000456753524093,0.9416139995468301,0.9734236184151192,3.0912951949070218,127.97212714574236,4.71505255368262,10000
0.5,1000,0.4,log_quadratic,0.01,1.5320461657755793,0.012591906781118708,1.506968524321906,1.5563452831467475,0.0001999686920352214,3.157099035492672e-06,0.00019385397309347615,0.00020619124871774425,0.9193076869421617,172.04364969902738,7661.4301478040015,10000
0.5,1000,0.4,log_quadratic,0.1,1.5320797504389367,0.012402134397804899,1.507793406475162,1.5565019329987158,0.019752800285875064,0.00030893175096671365,0.019155724422395798,0.02036333584648369,0.927148970377712,172.39694314665013,77.56266090203445,10000
0.5,1000,0.4,log_quadratic,0.3,1.5321757221584633,0.01259857746649921,1.5068330970209278,1.5568300082772755,0.16276436451286053,0.002346425479043449,0.1582090175701132,0.16736347768323143,0.9844111791002222,151.12031603124015,9.413459308148505,10000
0.5,1000,0.6,quadratic,0.01,4.000378355475905,0.06327930765932341,3.877994954678321,4.12533202704171,0.0002000457092469294,3.113900012065988e-06,0.00019397013086435867,0.00020622120629500392,1.6002713696159108,89.398993446475,19997.321464855708,10000
0.5,1000,0.6,quadratic,0.1,4.0006726228122975,0.06387480132653522,3.875762684401798,4.126815585034281,0.019997933380841937,0.0003189214701330719,0.019375952920613414,0.020625533882911634,1.6122678091534244,88.13262582138586,200.05430294337066,10000
0.5,1000,0.6,quadratic,0.3,3.9993985564350587,0.06281853009608969,3.8766229698183414,4.122809249872419,0.18002287550651064,0.0028328876371907633,0.17456341527751584,0.1855657153336138,1.70777314787793,85.89708901404008,22.21605751592618,10000
0.5,1000,0.6,l1,0.01,4.514157855840697,0.03793314489671442,4.439616597655732,4.588033488449414,0.03191745729257109,0.0002708207193934584,0.0313860376702122,0.03244548268760609,1.8248136167118216,167.10145270457318,141.43225177562576,10000
0.5,1000,0.6,l1,0.1,4.51340773598523,0.03778410542911288,4.438651290359039,4.587227381376369,0.31918398146811244,0.0026804151301068526,0.3139021505552975,0.3245026063409209,1.9968734832749597,156.5912139686787,14.140458162171697,10000
0.5,1000,0.6,l1,0.3,4.512988457213534,0.03795724981834568,4.438853904349908,4.589464176092791,0.9574805862910063,0.008044100571109207,0.941652367735409,0.9730867079276188,2.3796837346600177,129.59312984084582,4.713399437888869,10000
0.5,1000,0.6,log_quadratic,0.01,1.5319224779205485,0.012381699431891876,1.5076002835041287,1.5559972084056533,0.0002000444829814045,3.1153712010644307e-06,0.0001939814452611694,0.00020617234218126706,0.6128890178580084,174.9503436507765,7657.909156449724,10000
0.5,1000,0.6,log_quadratic,0.1,1.5322640089678061,0.012463249988309402,1.5081750528333357,1.5566158427337842,0.01975585667802123,0.0003102823552361107,0.01914817944924746,0.02036059045845304,0.6247591175939353,171.57218006026216,77.55998810582986,10000
0.5,1000,0.6,log_quadratic,0.3,1.5320982588855914,0.012553533369142821,1.5078309312502782,1.5569751680636363,0.16273878173825862,0.002369130541700433,0.15817152908470955,0.1674383726964914,0.7104825725971917,151.58879386906221,9.414463120104623,10000
0.5,1000,0.8,quadratic,0.01,4.000123397168318,0.06311148414631687,3.877661530138642,4.125223561186899,0.00020003992906141596,3.133833048951142e-06,0.00019393399529752634,0.00020628512614559303,0.8001847113769125,89.6310066195293,19996.624753552107,10000
0.5,1000,0.8,quadratic,0.1,3.9998748939878794,0.0636401381802137,3.876248740961417,4.125066930531947,0.019999293268769442,0.0003167815440693019,0.019378868142372416,0.02063002061624984,0.8159744134125914,88.43985076966366,200.00081204039427,10000
0.5,1000,0.8,quadratic,0.3,3.9998565365690824,0.0630369049353897,3.8770438915564793,4.124400587968436,0.18000193518866264,0.0028333902826307208,0.1744985841731172,0.1856666825197497,0.9439728554647463,85.61082483987137,22.221186302118223,10000
0.5,1000,0.8,l1,0.01,4.513328116558496,0.03740617876669388,4.441154197776788,4.5855566411634,0.03191143809168171,0.00026966176009258206,0.031386880080137236,0.03245252106007489,0.9281947737850443,169.4242977053285,141.4329277042195,10000
0.5,1000,0.8,l1,0.1,4.513992872969135,0.03815707307590654,4.4406426327840975,4.590283776221297,0.3191536035701628,0.002709867938135613,0.313945089928326,0.3245430168732498,1.1581214574499572,155.0825037725718,14.143637491396138,10000
0.5,1000,0.8,l1,0.3,4.512897799496523,0.037988286811596494,4.437860374903267,4.587558317221652,0.9573459909308986,0.008105266930429946,0.9413495707498066,0.9730330401786473,1.668456352644023,129.45100022915392,4.713967408071869,10000
0.5,1000,0.8,log_quadratic,0.01,1.532216150384746,0.012469342877878447,1.5079037686325918,1.556335411040098,0.0001999166913688201,3.1807929308303605e-06,0.00019378218682776862,0.00020622098060045003,0.3066031634300441,173.7539889786735,7664.273252491999,10000
0.5,1000,0.8,log_quadratic,0.1,1.53214187529391,0.01252322470953892,1.507318403366567,1.556669325490524,0.019756982684937956,0.00030405233435241947,0.019177572115991266,0.020362977197922155,0.3222339612067323,170.73917951599864,77.54938594251855,10000
0.5,1000,0.8,log_quadratic,0.3,1.5318296179646147,0.012641944046554549,1.5070061319567305,1.5567693848100161,0.16269664799431977,0.002356770939911861,0.15807001919927963,0.16730052188867126,0.43652324198837866,150.5664353077787,9.415250018046441,10000
0.5,1000,1.0,quadratic,0.01,4.000121457270485,0.0625588679300114,3.8791791905263193,4.1242312981605975,0.00019996361735227772,3.1204611086771236e-06,0.00019390425888027562,0.00020606320455104072,0.00019996361735227772,90.42272350649512,20004.246323587126,10000
0.5,1000,1.0,quadratic,0.1,4.000140736912487,0.06361798651189138,3.876842047589556,4.122874397056043,0.019999330601649015,0.0003181300295611408,0.019380754293428944,0.020617329438328065,0.019999330601649015,88.47654397033236,200.0137312887193,10000
0.5,1000,1.0,quadratic,0.3,3.999984638971204,0.06347351122274757,3.877054232622327,4.126113460997301,0.17998063550291954,0.0028563388291549725,0.174445352139912,0.18559231011746152,0.17998063550291954,85.02507126883779,22.224527809861627,10000
0.5,1000,1.0,l1,0.01,4.5133428016577755,0.03852399422483098,4.438609294903994,4.588533619300556,0.031918274507429546,0.00027090516843124594,0.03138450281768096,0.03244648103548606,0.031918274507429546,164.508763354311,141.40309497642846,10000
0.5,1000,1.0,l1,0.1,4.512989770950025,0.03782172786960093,4.438369997797167,4.586454007969875,0.3191901516635977,0.002739003915578611,0.3138025112550165,0.3245332460597264,0.3191901516635977,156.40313695195587,14.138875361375106,10000
0.5,1000,1.0,l1,0.3,4.512774079748808,0.038106602443907414,4.439134750848692,4.5875731885535185,0.9573328597005275,0.007967333417365356,0.9415807040283214,0.972953019124611,0.9573328597005275,129.1568406609358,4.713902833295091,10000
0.5,1000,1.0,log_quadratic,0.01,1.5322129151682289,0.012580509832393292,1.507593734836604,1.556798524158739,0.00019997293802618353,3.1626983209678563e-06,0.0001938494460137161,0.00020629248199194788,0.00019997293802618353,172.21825196540792,7662.101333769512,10000
0.5,1000,1.0,log_quadratic,0.1,1.532124573497463,0.01248223367032935,1.5078135814644114,1.5565669695000746,0.019750773736629253,0.0003034831076863646,0.01915336527401796,0.020341413021750434,0.019750773736629253,171.29848017001734,77.57288873478541,10000
0.5,1000,1.0,log_quadratic,0.3,1.5321899222404558,0.012417932580031269,1.5077750898048934,1.5566553201404214,0.16266790324025532,0.0023675286638415493,0.15803448219567312,0.16732888447786534,0.16266790324025532,153.2080951765372,9.419128738491576,10000
0.5,5000,0.0,quadratic,0.01,3.999906301306886,0.028299241048208756,3.9453518136730037,4.054575907597011,0.00020000065234944127,1.4210644813120082e-06,0.00019719027474329712,0.00020281888432640432,3.999906301306886,199.87952606669398,19999.466273331185,10000
0.5,5000,0.0,quadratic,0.1,4.000203134618731,0.028003304190442543,3.9460089119280775,4.055321215331132,0.019999210145716,0.0001436781376185972,0.019717502774307154,0.020279247101702255,4.000203134618731,201.00429025385208,200.01805598685647,10000
0.5,5000,0.0,quadratic,0.3,4.0002733464302995,0.02811747282009188,3.945007602777357,4.055173293180947,0.1799986522383653,0.0012640034548538738,0.17758903583930258,0.18249050163949643,4.0002733464302995,191.95300544942478,22.223907216443436,10000
0.5,5000,0.0,l1,0.01,4.51353353622013,0.01709477830390246,4.480176871383758,4.5470821132915695,0.03191519953049979,0.0001206252669066262,0.03168122682062545,0.03215183688108348,4.51353353622013,370.7452381056273,141.42269522416015,10000
0.5,5000,0.0,l1,0.1,4.513528387615149,0.017192784417357405,4.480594694561322,4.54728573472273,0.31917818569652123,0.0012085068462751357,0.31679250409410814,0.3215548739053895,4.513528387615149,344.16223115124933,14.141092937681744,10000
0.5,5000,0.0,l1,0.3,4.513716681683703,0.01704806198742669,4.480699246867339,4.5475731879711985,0.9574979952693142,0.0036526205755265193,0.9503788781548234,0.9647117986273523,4.513716681683703,288.4578364856216,4.714074289434032,10000
0.5,5000,0.0,log_quadratic,0.01,1.53208476582192,0.00555951226724528,1.5211416479237758,1.5428638279287954,0.00019998969369646106,1.416950312811008e-06,0.00019723386403127836,0.00020281191981659703,1.53208476582192,389.6766572121329,7660.818602718982,10000
0.5,5000,0.0,log_quadratic,0.1,1.5321127865874693,0.005659535598762028,1.5210250964740792,1.5433133509689534,0.019753231672434576,0.0001356751681405856,0.019488104570177252,0.020020953801416212,1.5321127865874693,377.8022136450888,77.56263947055895,10000
0.5,5000,0.0,log_quadratic,0.3,1.5319880738712035,0.0056727452779985425,1.520734284390146,1.5430123331478014,0.1627228436043646,0.0010473383567489896,0.16067299327462128,0.16477407393508903,1.5319880738712035,335.6841052841504,9.414708100824463,10000
0.5,5000,0.2,quadratic,0.01,4.000117165965832,0.028155890545291176,3.945053234693626,4.055770140034553,0.00020001152941555075,1.4208302261007372e-06,0.00019724012863025435,0.00020285336973310607,3.20013373507855,200.90776641821904,19999.432920964533,10000
0.5,5000,0.2,quadratic,0.1,4.000082004900397,0.02810608994118553,3.946252209830298,4.054602150457286,0.019999206369791744,0.00014253312785147542,0.019720150618464057,0.02028074341667596,3.204065445194276,200.26317100698685,200.01203702474976,10000
0.5,5000,0.2,quadratic,0.3,3.999782453850186,0.02814555288082884,3.944451325421999,4.0548972457267185,0.18001483364606824,0.0012717458604697277,0.17753636541328427,0.18249910475578932,3.2358289298093625,191.73406063152052,22.21918256866687,10000
0.5,5000,0.2,l1,0.01,4.5135862591025955,0.017034232860332323,4.480128398483909,4.547123257740016,0.03191628251187845,0.0001208719447191218,0.031679677799418444,0.03215714682034369,3.617252263784453,372.0671754637818,141.41954838953288,10000
0.5,5000,0.2,l1,0.1,4.513692222015346,0.016823009321594667,4.480563146967942,4.546628643418037,0.3191502384893689,0.001222011010419374,0.316778229737275,0.3215761531656306,3.674783825310151,351.6843971571558,14.142844584356155,10000
0.5,5000,0.2,l1,0.3,4.513573635355254,0.016996757085542675,4.480422945796138,4.546943360307595,0.9574905525995792,0.0036118527908594873,0.9505068709019527,0.9646469173115554,3.802357018804118,289.4209739067572,4.71396153528715,10000
0.5,5000,0.2,log_quadratic,0.01,1.5320624849382831,0.005609232257069917,1.5212508395848445,1.5431113583197433,0.00019997121199529457,1.4157435863619704e-06,0.0001972288834651384,0.00020271879463678138,1.2256899821930258,386.2169677266028,7661.415208976847,10000
0.5,5000,0.2,log_quadratic,0.1,1.5320499221668682,0.005603724736744657,1.5210670213167083,1.5432170558105467,0.01975692936383092,0.00013735732771039276,0.01948743939730346,0.02002090999472027,1.229591323606261,381.54319736407837,77.54494101556072,10000
0.5,5000,0.2,log_quadratic,0.3,1.5321202486653012,0.00558311636001513,1.5213212720458105,1.5430698540082843,0.1627187015849139,0.0010432810326899474,0.1606870416860735,0.1647864319108016,1.2582399392492238,340.96999568251414,9.415760043204207,10000
0.5,5000,0.4,quadratic,0.01,3.9998328181176532,0.028631371585604394,3.9443935729957387,4.0564084457175715,0.00020002226004127977,1.4046143876278586e-06,0.00019724089590248333,0.0002027452544250896,2.399979699774608,197.55724662702977,19996.938427213972,10000
0.5,5000,0.4,quadratic,0.1,3.9997384447550344,0.02801223327691415,3.9448747027917817,4.054467258995696,0.020001621985822136,0.00014071203331549598,0.01972904353732279,0.020280585822560183,2.407843715647349,200.91674688314623,199.97070475535392,10000
0.5,5000,0.4,quadratic,0.3,4.0003088011227215,0.02816055031135365,3.945617861906459,4.0556517927718945,0.1800053468844687,0.0012621062435004707,0.17754836210642785,0.18252027617892097,2.4721874194274207,191.66198461250954,22.223277643470254,10000
0.5,5000,0.4,l1,0.01,4.5135062916388975,0.017025182808699874,4.480058613523482,4.546685943486338,0.03191703391548579,0.00012203631967172306,0.03167798470896472,0.03215316095528405,2.720870588549533,372.25805826983566,141.4137135546607,10000
0.5,5000,0.4,l1,0.1,4.513726798880911,0.017072294717847495,4.480061979938349,4.546977024250662,0.3191681037928094,0.0012039600397334737,0.3167834488675116,0.32150772148918827,2.8359033208456697,346.60284506302133,14.142161278781897,10000
0.5,5000,0.4,l1,0.3,4.51364636765489,0.01725624271948115,4.480190398360693,4.548102151849138,0.9575083806922947,0.003567052886294289,0.9505456112954541,0.964475792204917,3.091191172869852,285.4049858524136,4.71394972479661,10000
0.5,5000,0.4,log_quadratic,0.01,1.5321792050526675,0.00558891399728434,1.5212913033609359,1.5430949149549258,0.0001999449921637797,1.4206541316628087e-06,0.0001972006454924849,0.0002027469958884539,0.9193875010284659,387.65058433727285,7663.003651512427,10000
0.5,5000,0.4,log_quadratic,0.1,1.5322002822708223,0.00557802307131694,1.5211753286835688,1.5432590301893916,0.019754853745787785,0.00013731986981033132,0.019490836780615875,0.02002923888595156,0.9272221108608082,383.3388570528593,77.56069986585067,10000
0.5,5000,0.4,log_quadratic,0.3,1.5321153817889188,0.00557025037368461,1.521216072323623,1.5429242723031773,0.1627247030116583,0.0010473565793300828,0.1607191443340649,0.1648049960960505,0.9843591102780147,341.6828622202862,9.415382873239297,10000
0.5,5000,0.6,quadratic,0.01,4.000027827099011,0.028369465012334928,3.945328449563633,4.055284097490169,0.00020002011286861566,1.4045571525726176e-06,0.00019722907596113974,0.00020274478568963917,1.6001311429073253,199.39081411667996,19998.128036886228,10000
0.5,5000,0.6,quadratic,0.1,4.0000902868704085,0.028092492491287438,3.945376071325309,4.055275548545612,0.019999806886392132,0.00014190620838110802,0.019723263369080164,0.020277186272466847,1.6120359988799988,200.3605100850738,200.0064455418352,10000
0.5,5000,0.6,quadratic,0.3,3.999831832352653,0.028109155339487015,3.9454337216508844,4.056156946156783,0.1800128043854458,0.0012879695434995866,0.17745532243233533,0.18252061815487777,1.7079404155723292,191.9793724176775,22.21970734808486,10000
0.5,5000,0.6,l1,0.01,4.513590341180241,0.017078048701293754,4.479272051793531,4.547381498995771,0.031914628176658286,0.0001198786036924806,0.03168047436046825,0.03214856429793385,1.8245849133780918,371.1132662518964,141.42700695731088,10000
0.5,5000,0.6,l1,0.1,4.513648204297274,0.01726853235807044,4.47987735187625,4.547562980419664,0.31915371531052644,0.0012073165886129678,0.3167886144023237,0.32152174136182055,1.9969515109052256,342.67337859036974,14.142552593835974,10000
0.5,5000,0.6,l1,0.3,4.513587399113625,0.017093671627563835,4.480134010769967,4.547278124937399,0.9574301490037654,0.00359869087478699,0.9504387905793727,0.9643979498468509,2.3798930490477095,287.9011535873939,4.71427331154147,10000
0.5,5000,0.6,log_quadratic,0.01,1.5321665221486174,0.005582284004137688,1.521195341127241,1.5431883961065742,0.00019998646284991305,1.4025035553687763e-06,0.00019725960336213687,0.00020271410592570915,0.6129866007371569,388.10776769586823,7661.351175046714,10000
0.5,5000,0.6,log_quadratic,0.1,1.5320934898279486,0.0055611612466073225,1.521089863877951,1.5427784905274413,0.01975438523290425,0.00013790622348621625,0.0194814076367903,0.02002431085765619,0.624690027070922,384.4724270923376,77.5571333536611,10000
0.5,5000,0.6,log_quadratic,0.3,1.5321422244884257,0.005562826708766406,1.5210714041598332,1.5429574006651596,0.1627276464371591,0.0010450814364798163,0.16070488222467647,0.1647615958020399,0.7104934776576659,342.1546314762542,9.415377522098536,10000
0.5,5000,0.8,quadratic,0.01,3.9993580299736093,0.028608159156278415,3.9435900995571824,4.056388980525287,0.0001999866162508509,1.40825748549552e-06,0.00019729932814700868,0.00020280626462123772,0.8000315952877224,197.69407410109073,19998.128399537803,10000
0.5,5000,0.8,quadratic,0.1,3.9997684205681567,0.028579268390410778,3.9439083442260636,4.055619638573154,0.01999909998624244,0.00014129024737597831,0.01972331484493219,0.02027377865882623,0.8159529641026251,196.93208700105131,199.9974210499289,10000
0.5,5000,0.8,quadratic,0.3,3.9998148677652825,0.028541944878236396,3.9445380209848984,4.0555305287723975,0.17999601851159913,0.0012855494766785631,0.17749618644646226,0.182552794529183,0.9439597883623357,189.0750088122738,22.22168523970729,10000
0.5,5000,0.8,l1,0.01,4.513507070616335,0.016932736332166316,4.479779222844581,4.546027757095121,0.031915227408556186,0.00012071309446704711,0.0316809337634053,0.0321593201716316,0.9282335960501117,374.29076986729274,141.42174244405678,10000
0.5,5000,0.8,l1,0.1,4.513477120087708,0.017146661997272463,4.479544772757729,4.547227902206609,0.3191630270608176,0.0012178601123128872,0.316805617220231,0.3215269208159973,1.1580258456661956,345.0671929592452,14.141603937186776,10000
0.5,5000,0.8,l1,0.3,4.513487764671724,0.017002599347257417,4.479730815443558,4.5467389053088185,0.9575384975810488,0.0036534827831253883,0.9504048919371061,0.9647391939165926,1.6687283509991837,289.1702302876321,4.713635823597462,10000
0.5,5000,0.8,log_quadratic,0.01,1.5320479586971298,0.005585001705519272,1.5210841985997738,1.5429171460295605,0.00019998005138965823,1.4302241488612625e-06,0.00019720159253083395,0.00020279057864786818,0.3065695757805377,387.888890655201,7661.003925396321,10000
0.5,5000,0.8,log_quadratic,0.1,1.5320726783130778,0.005604319140833183,1.5209320857934319,1.543011410258774,0.019755552291560684,0.0001387049307408675,0.019484349086270114,0.020026447993413743,0.32221897749586403,381.5065844914175,77.55149821691188,10000
0.5,5000,0.8,log_quadratic,0.3,1.5320959168242279,0.005547788844438598,1.52116127250809,1.5429341980516198,0.16269750014854595,0.0010399969758073298,0.1606906296542439,0.16474745865381288,0.43657718348368235,343.1033575746133,9.41683747706876,10000
0.5,5000,1.0,quadratic,0.01,3.999939702176841,0.028204580467372335,3.944983375019193,4.05529454167128,0.0001999882511913289,1.4198638858736286e-06,0.00019721080401327592,0.00020277159794972055,0.0001999882511913289,200.55203972177247,20000.873443060893,10000
0.5,5000,1.0,quadratic,0.1,3.999731010282137,0.02842926555943409,3.9440687083410446,4.054888820496129,0.020000391618988058,0.000141496877453631,0.019719895233854517,0.02027567421089513,0.020000391618988058,197.96921218616984,199.98263466425604,10000
0.5,5000,1.0,quadratic,0.3,4.000701347537453,0.028410247275269165,3.945011084339129,4.056498164139739,0.17998984376387098,0.0012710853643953365,0.17753941975517792,0.18247959119330912,0.17998984376387098,189.99842484386045,22.227372744353183,10000
0.5,5000,1.0,l1,0.01,4.51348682064308,0.01693554688333102,4.480122952072342,4.546553219869137,0.03191326981225913,0.00012038744125690098,0.03167800364055984,0.032146382874596015,0.03191326981225913,374.22718106478584,141.42978288327177,10000
0.5,5000,1.0,l1,0.1,4.513479709836766,0.017069806167217188,4.4801223485416,4.547386328424249,0.3191506160501003,0.001212163714089514,0.3167952807337432,0.3215636627539508,0.3191506160501003,346.62241898759817,14.142161985136946,10000
0.5,5000,1.0,l1,0.3,4.513808359846383,0.017018096312895314,4.480996268990909,4.547154433898465,0.957418778226743,0.0035897754759485864,0.9504463847545557,0.9644353164401355,0.957418778226743,289.17459586717547,4.714560088539844,10000
0.5,5000,1.0,log_quadratic,0.01,1.5320834144020754,0.0055917919842862675,1.5214496629895222,1.543100343973996,0.0001999856286681824,1.4010602186181976e-06,0.0001972383373277111,0.00020274336875367405,0.0001999856286681824,387.42683186924313,7660.967563544876,10000
0.5,5000,1.0,log_quadratic,0.1,1.5321658096495998,0.005586856876527902,1.5210904158400393,1.5431957507849454,0.019753456359161776,0.00013739875432616723,0.019484529665853796,0.02002342519486493,0.019753456359161776,382.7245943563607,77.56444147249054,10000
0.5,5000,1.0,log_quadratic,0.3,1.5321612031183414,0.005569502630931827,1.5213404239394142,1.5429865735693504,0.16271422912193084,0.001040591375944157,0.16064428756313132,0.16476305001800376,0.16271422912193084,341.8163940640993,9.416270546137717,10000
0.7,100,0.0,quadratic,0.01,7.837818679871633,0.3906705244738178,7.084783404470625,8.616198748005043,0.0003920585430771291,1.9382772351118383e-05,0.00035549486217455206,0.00043043003857578356,7.837818679871633,28.3712087654258,19991.44979307264,10000
0.7,100,0.0,quadratic,0.1,7.84074017933434,0.39363216570767223,7.085750298696816,8.626528762248569,0.03917645152969474,0.0019422552702101565,0.03543454692884612,0.04294722121645918,7.84074017933434,28.02856038799556,200.13911095013955,10000
0.7,100,0.0,quadratic,0.3,7.8401408596224265,0.39150405227489626,7.092342186780673,8.622695806192839,0.3526511355910519,0.017865751849142558,0.31902237113160486,0.3887260387271096,7.8401408596224265,27.01862553236765,22.232002305854365,10000
0.7,100,0.0,l1,0.01,6.32098627930263,0.16917181385042296,5.998706414870907,6.662022138613684,0.04466058988039761,0.0011908824154563736,0.042380409398981966,0.0470207931820141,6.32098627930263,52.46645285765197,141.5338735164587,10000
0.7,100,0.0,l1,0.1,6.3162517530505236,0.16861680199790763,5.981858924464615,6.6482764329993405,0.4466520460025065,0.012059383641620413,0.4233407307708225,0.47067869413299745,6.3162517530505236,49.103760126342074,14.141325019285993,10000
0.7,100,0.0,l1,0.3,6.318510373656868,0.16960944375598494,5.994617234148726,6.658995879872422,1.3403226014961944,0.03558739223501945,1.272098734527553,1.4110917453530587,6.318510373656868,40.62383710827112,4.7141713245777925,10000
0.7,100,0.0,log_quadratic,0.01,2.0816200002261662,0.04483258366401258,1.9923518768756843,2.168388416581782,0.00039169287166839796,1.957122411469638e-05,0.0003550632825942587,0.0004315091411479319,2.0816200002261662,65.65093460294251,5314.418900092822,10000
0.7,100,0.0,log_quadratic,0.1,2.081332016006127,0.045238342674561026,1.9938681231789688,2.171151488592637,0.03827205673479445,0.0018745547626084287,0.03470001783482376,0.042025282424641965,2.081332016006127,63.814135675558724,54.38254939964895,10000
0.7,100,0.0,log_quadratic,0.3,2.081634350477292,0.04516946503199259,1.992565567423825,2.1692420318414447,0.29410315683580823,0.01245706136247992,0.26999822777630167,0.31915034489934113,2.081634350477292,53.95180346789176,7.077905497081847,10000
0.7,100,0.2,quadratic,0.01,7.835438389941456,0.3905085474681795,7.077838930601977,8.613429474593932,0.0003922273220329868,1.983826316722092e-05,0.00035434733353012575,0.00043194868053463546,6.2684291574175734,28.374355958496995,19976.778642877118,10000
0.7,100,0.2,quadratic,0.1,7.841503706535563,0.38984146038508416,7.098747008151271,8.62638804152103,0.0392372967835249,0.001989154398611604,0.03542005713335287,0.043231429086843035,6.281050424585156,28.303627142930818,199.848214564773,10000
0.7,100,0.2,quadratic,0.3,7.83896321732099,0.3914068884545423,7.0883333121006284,8.62492622608879,0.3528010086435199,0.017602367132006486,0.31868989406149284,0.3878823641820134,6.3417307755854955,27.021349381600857,22.219219971793507,10000
0.7,100,0.2,l1,0.01,6.322928301271225,0.17050494859556997,5.9909584014386965,6.6613949335845115,0.044706710642723135,0.0011897392833882408,0.042382213633934525,0.047009857866991696,5.067283983145525,52.07197828597211,141.4313021550916,10000
0.7,100,0.2,l1,0.1,6.318490333974395,0.16835165550748632,5.997670097552539,6.652473775875765,0.4468622031114394,0.012149216276178121,0.42329599351830244,0.4707087488086271,5.144164707801804,49.19582009664616,14.1396839785948,10000
0.7,100,0.2,l1,0.3,6.317927943751631,0.1705413067763197,5.986339389406848,6.650712652912879,1.3401180471975225,0.03586711035792701,1.27050078368899,1.4115508968964183,5.3223659644408094,40.39478325665407,4.714456280149192,10000
0.7,100,0.2,log_quadratic,0.01,2.082099072720776,0.044815587782257416,1.9933406934853488,2.16949855300221,0.0003915737797080223,1.93641718467863e-05,0.0003542701264410158,0.0004299514764276043,1.6657575729325629,65.69095372312194,5317.2586639312185,10000
0.7,100,0.2,log_quadratic,0.1,2.082703261468245,0.04544798177831554,1.9939264360969562,2.171099637407218,0.03829777118140136,0.0018706339615287234,0.034751110790101285,0.04207332055619438,1.6738221634108763,63.56233874097028,54.38183991447714,10000
0.7,100,0.2,log_quadratic,0.3,2.082147168452176,0.04456030578258719,1.9950037782877472,2.1680861469515933,0.29418767381100197,0.012509020099865879,0.26985185575397397,0.31892340234015537,1.7245552695239417,54.632762915183804,7.077615256544812,10000
0.7,100,0.4,quadratic,0.01,7.83933437732812,0.39028072647120443,7.090018705548404,8.612934241437541,0.0003921490637255767,1.9673321597704535e-05,0.0003551771496703564,0.00043273024762329203,4.703757486022362,28.40503680522908,19990.700227233065,10000
0.7,100,0.4,quadratic,0.1,7.840587684307703,0.39220288543476783,7.086889205308624,8.622981675243688,0.039194101581692974,0.0019505060757160461,0.035450588147231774,0.043153759839726365,4.720030251217299,28.130084162963016,200.04509270267172,10000
0.7,100,0.4,quadratic,0.3,7.842573290064578,0.39315236526569874,7.088527482975754,8.638879827494518,0.3525299253688139,0.01726202529674585,0.31936574226497405,0.3869817297856193,4.846555944186273,26.9166014450714,22.246546252377705,10000
0.7,100,0.4,l1,0.01,6.3222730369037325,0.16930469753068297,5.990964769213553,6.651685991040646,0.04466753541362373,0.0011858727987516422,0.042344359764091184,0.046959980898592386,3.811230836307689,52.435976067509266,141.5406732956979,10000
0.7,100,0.4,l1,0.1,6.318082062973587,0.16677966012143713,5.995691659774049,6.650916274812384,0.4468428547140406,0.011920576029437586,0.4237006685027826,0.4703675365032182,3.969586379669768,49.658680723710006,14.13938255097953,10000
0.7,100,0.4,l1,0.3,6.32091405318821,0.16748639404732565,5.993298461219022,6.648933706613549,1.3404451169043934,0.03569476360286399,1.271929114396637,1.4103847918778256,4.3287264786746835,41.13014471750296,4.7155336488416975,10000
0.7,100,0.4,log_quadratic,0.01,2.081733834072896,0.04493631168488904,1.9923430782995668,2.1675290824976488,0.0003919915828040159,1.9616307969433087e-05,0.00035401598874595724,0.0004310271767318392,1.249197097076859,65.50296343337332,5310.659527895274,10000
0.7,100,0.4,log_quadratic,0.1,2.081766654151715,0.04541825254939461,1.992943964944413,2.1715900471605405,0.038297596984574286,0.0018716676180188883,0.03479746232040857,0.04212867795751094,1.2643790312848588,63.574680980248395,54.357631237025664,10000
0.7,100,0.4,log_quadratic,0.3,2.0812156294989856,0.04478071327630903,1.9925726120863088,2.1685358563626793,0.2942086647191603,0.012564088645739916,0.2702276515955913,0.31927853186089733,1.3664128435870555,54.33705010467995,7.073944037255429,10000
0.7,100,0.6,quadratic,0.01,7.844580361307145,0.38728935082366045,7.10380750430343,8.62101948582847,0.00039228922990093,1.9720659596497722e-05,0.00035456126993188233,0.00043216114564065906,3.1380675180607986,28.64358939734023,19996.93023254358,10000
0.7,100,0.6,quadratic,0.1,7.8422668456004,0.3908264507214369,7.099076816620925,8.62647128929874,0.03919764514615267,0.00197010916282011,0.03543985328086333,0.043141784729161275,3.160425325327852,28.23520790068162,200.06984645020532,10000
0.7,100,0.6,quadratic,0.3,7.84210169616924,0.39722269919192865,7.08889566270069,8.641548202738544,0.3526506974631446,0.017881361667762143,0.31834166735510405,0.3888679926356827,3.348431096945583,26.63736939831575,22.237590206350905,10000
0.7,100,0.6,l1,0.01,6.318425967187107,0.16970477537450168,5.990011698581397,6.650334663955946,0.04467797248430176,0.0011961343537957103,0.04236893855550722,0.04702412181622872,2.554177170365424,52.280197205514106,141.4215018241299,10000
0.7,100,0.6,l1,0.1,6.31864863260554,0.16735879921535834,5.995453830717172,6.6551138807015,0.4465817950088038,0.012101939298640287,0.42338267906219984,0.4705225696787349,2.7954085300474985,49.49085393806674,14.148916734236728,10000
0.7,100,0.6,l1,0.3,6.317265296004578,0.16907080581511205,5.989531841033889,6.649517174868256,1.3402573420170145,0.03583444405899749,1.270047962678463,1.4116677469816807,3.33106052361204,40.72608523004462,4.713471881823409,10000
0.7,100,0.6,log_quadratic,0.01,2.0822977183025393,0.04547198776254227,1.9906217694317452,2.16998595987333,0.0003920129056565676,1.9665451467229272e-05,0.00035422316506699114,0.0004315465066388689,0.8331542950644097,64.74885206671489,5311.809096731082,10000
0.7,100,0.6,log_quadratic,0.1,2.0822697570588398,0.04482349953172621,1.992030412855409,2.1691648027780017,0.03828426009784842,0.0018641110371693274,0.034730268514140857,0.04198128078040361,0.8558784588822451,64.4335123121022,54.389708766393625,10000
0.7,100,0.6,log_quadratic,0.3,2.081464641924296,0.04474218814038328,1.994492192536584,2.166977596264758,0.29415853939615805,0.01262195326808397,0.2700285717661801,0.3194774196433443,1.0090809804074132,54.37117983211821,7.075995978893148,10000
0.7,100,0.8,quadratic,0.01,7.839542163028625,0.3855387787589649,7.095313438013932,8.628770663391325,0.0003917789733590291,1.9620532103372735e-05,0.0003545963972158254,0.00043136619702845207,1.5682218557844119,28.755169095942023,20010.114621042747,10000
0.7,100,0.8,quadratic,0.1,7.846230820634485,0.3903337016101101,7.092055204932236,8.628210380509284,0.03920709303923904,0.0019504181135388326,0.035441259049177117,0.04307904682120338,1.6006118385582881,28.285185115122758,200.1227383214017,10000
0.7,100,0.8,quadratic,0.3,7.838387665162769,0.39448096501853586,7.091694606406986,8.622630764195325,0.3526962088772066,0.0176346725932514,0.31879749113303923,0.3877370611198808,1.8498345001343186,26.809416024686914,22.224190302798956,10000
0.7,100,0.8,l1,0.01,6.321772875000836,0.16949793514151143,5.994172143871252,6.657144813265221,0.04468785674444217,0.0011865104991265626,0.04237629475117181,0.04700256642569413,1.300104860395721,52.37185495222161,141.46511682476415,10000
0.7,100,0.8,l1,0.1,6.317152580322355,0.16673954716147407,5.997226803052545,6.646806960340608,0.4467583941482222,0.011919066555146789,0.4231136549568011,0.4700527110260569,1.6208372313830486,49.66344960453928,14.139975125406366,10000
0.7,100,0.8,l1,0.3,6.320038364555515,0.1669513331197741,5.987036538202124,6.64552778508593,1.3403315089853773,0.03589431243243598,1.271552318378268,1.4121922107022087,2.3362728800994046,41.23979114832839,4.715280005123319,10000
0.7,100,0.8,log_quadratic,0.01,2.0811320042755344,0.044986265073866744,1.9932917670324775,2.169257532552514,0.00039195033018853424,1.9633762131960047e-05,0.0003541244672856088,0.00043082690574592584,0.4165399611192576,65.41130985152746,5309.682998033137,10000
0.7,100,0.8,log_quadratic,0.1,2.0813509791982128,0.04471854936860513,1.9934574594562622,2.169351358001441,0.03827457562438799,0.0018848767343212947,0.034695632791285534,0.04207039447831198,0.4468898563391528,64.55449032179196,54.379465878963444,10000
0.7,100,0.8,log_quadratic,0.3,2.081360484056361,0.04451144273479378,1.9950616199105908,2.169185665945322,0.29408102259114577,0.012295148636502228,0.27033517899203974,0.3185746929870721,0.6515369148841886,54.73550538199089,7.077506959536215,10000
0.7,100,1.0,quadratic,0.01,7.837312301473291,0.39286672391562455,7.078777533262501,8.618804339805768,0.0003921210027616656,1.9499185095525533e-05,0.00035447642922127625,0.0004318453974910884,0.0003921210027616656,28.210785281946812,19986.97403677934,10000
0.7,100,1.0,quadratic,0.1,7.837875751628451,0.386529604857809,7.107435543129698,8.610957728084662,0.03921065686919373,0.001978389173455449,0.03548482362004778,0.04317145974267162,0.03921065686919373,28.53295929848352,199.8914677143897,10000
0.7,100,1.0,quadratic,0.3,7.840555805018695,0.39648683172420324,7.0728007609055155,8.6350399200864,0.3529614016997156,0.017541343458257433,0.31898118876542086,0.38783899742789507,0.3529614016997156,26.681111852003962,22.21363516594685,10000
0.7,100,1.0,l1,0.01,6.3178144822344855,0.166298905236168,5.996145953836152,6.64621655553731,0.04467150433556522,0.0011877896775192925,0.042352124894797887,0.04696222553321126,0.04467150433556522,53.34573659058029,141.4282902759681,10000
0.7,100,1.0,l1,0.1,6.317971572594509,0.17040701680573922,5.98775375129983,6.651953596356064,0.44711424636616875,0.011939600477217168,0.4240875470970632,0.47052239145499397,0.44711424636616875,48.60328845258057,14.130553038608262,10000
0.7,100,1.0,l1,0.3,6.316779135714288,0.16891737180151936,5.986548609739867,6.6532799777855764,1.3404771774458717,0.03590074725938499,1.2699974131764202,1.4110943084048637,1.3404771774458717,40.752453568112266,4.712336205343085,10000
0.7,100,1.0,log_quadratic,0.01,2.0813656959753817,0.04454111781301026,1.9950866480390559,2.168813106422744,0.0003921157015229254,1.9513295098031814e-05,0.0003550583198933482,0.0004312072223058318,0.0003921157015229254,66.07244995739602,5308.03966250684,10000
0.7,100,1.0,log_quadratic,0.1,2.0811306461533974,0.04490443142459356,1.9935797155704147,2.168310072696723,0.038245585031523005,0.0018672435899627577,0.03463115207878928,0.04191725498039924,0.038245585031523005,64.28276970744048,54.41492513287679,10000
0.7,100,1.0,log_quadratic,0.3,2.081211628656239,0.04538901154701782,1.9915653239992392,2.1675828553881256,0.29411783712979234,0.012475968599199383,0.2701437890966539,0.31882027962033926,0.29411783712979234,53.69030524155185,7.076114964553523,10000
0.7,500,0.0,quadratic,0.01,7.841119503847432,0.1767207389640447,7.4934380993631535,8.18638871223172,0.0003919784671337053,8.744041183926112e-06,0.00037498664569770717,0.0004089701571812485,7.841119503847432,62.74568144459507,20003.95471002441,10000
0.7,500,0.0,quadratic,0.1,7.841256391229066,0.17664739828211393,7.5044325058792944,8.195249868798404,0.03920624407528896,0.0008735236099161515,0.037504004259029146,0.04090464943005163,7.841256391229066,62.46132316151108,200.0001932388948,10000
0.7,500,0.0,quadratic,0.3,7.840553778677194,0.1733695523970963,7.50508172714828,8.188737160028472,0.3527216563034927,0.007956664817609,0.3372249455302025,0.36824748396929985,7.840553778677194,61.01566888014183,22.22872805952957,10000
0.7,500,0.0,l1,0.01,6.319159017922267,0.07515176510023103,6.173833645660826,6.465672347176356,0.044682672251431445,0.000533277206883802,0.043651068934983196,0.045727588328959984,6.319159017922267,118.0707617158711,141.42303267727743,10000
0.7,500,0.0,l1,0.1,6.318088461234041,0.07596524748541836,6.170055098698037,6.468151578392548,0.4468310219332476,0.005423643589547754,0.4362252892273047,0.4575443947088865,6.318088461234041,109.02524723836983,14.139771303027176,10000
0.7,500,0.0,l1,0.3,6.319098214842828,0.07511671633826565,6.175113683354656,6.466997834177819,1.3404387334078913,0.016046468672048942,1.3093247039931526,1.3718528624449584,6.319098214842828,91.66447152472948,4.7142014456545445,10000
0.7,500,0.0,log_quadratic,0.01,2.08188475660575,0.01998155054851674,2.0423558222269755,2.120319347223729,0.0003918813583546914,8.859926096232134e-06,0.0003746859775861761,0.00040923705860284167,2.08188475660575,147.3196565819509,5312.538379846684,10000
0.7,500,0.0,log_quadratic,0.1,2.081393143468946,0.019912828215550828,2.0423161674714208,2.1205182046164635,0.03828469718542256,0.0008357189051170378,0.03667129929459482,0.03992820387545972,2.081393143468946,144.97440205035377,54.36619057970415,10000
0.7,500,0.0,log_quadratic,0.3,2.0818745508214347,0.020043757440331135,2.042583609803271,2.1210588026473514,0.29424538551470025,0.005626233642083612,0.2831317476675604,0.30529437345678573,2.0818745508214347,121.43520501762153,7.075300593685694,10000
0.7,500,0.2,quadratic,0.01,7.839401754643101,0.17451095424358867,7.5024226107455245,8.185314616091363,0.00039186852638727727,8.857965763233584e-06,0.0003747649649668002,0.000409676346046972,6.271599777419761,63.52629340830609,20005.183439752822,10000
0.7,500,0.2,quadratic,0.1,7.836652447000038,0.17610497437569902,7.4923443558957,8.185160840274671,0.039204386759623934,0.000890434914223396,0.037477789713167536,0.04097721291319909,6.277162834951955,62.61671982636964,199.8922338729425,10000
0.7,500,0.2,quadratic,0.3,7.840161333341605,0.17581343858461312,7.501115254071037,8.18670256304341,0.3527917549876185,0.007959762273786253,0.33727074905665916,0.36853075002168567,6.342687417670809,60.16550458271536,22.223198877243494,10000
0.7,500,0.2,l1,0.01,6.317821958770827,0.07568369551482053,6.17012582281459,6.464590282604794,0.04468919089076678,0.0005388282039916614,0.04364424069814708,0.04574521927572439,5.063195405194815,117.21579596907732,141.37248477407877,10000
0.7,500,0.2,l1,0.1,6.3186593169700025,0.07606516738190179,6.167531965860295,6.467183659216469,0.4467833510645267,0.005363990293104097,0.436277070262886,0.4573011418666007,5.144284123788908,108.90025176074646,14.142557689123537,10000
0.7,500,0.2,l1,0.3,6.318493173240415,0.07555057345783633,6.168717304152644,6.466078200287873,1.3404418497710735,0.016086211986875657,1.3088252428825262,1.3721774135119083,5.322882908546546,91.1399720008255,4.713739110965175,10000
0.7,500,0.2,log_quadratic,0.01,2.0821633324838764,0.02035212593717287,2.041806499478173,2.1215041068454816,0.00039202810912615125,8.778325314174929e-06,0.0003750535817846336,0.000409273171001443,1.6658090716089267,144.6565802333666,5311.260299995107,10000
0.7,500,0.2,log_quadratic,0.1,2.081759043523461,0.020249836151222025,2.042332418948103,2.121688974155798,0.03828033525944475,0.0008427595654198389,0.03667843676892295,0.03993893329573402,1.673063301870658,142.5895877411732,54.38194387312314,10000
0.7,500,0.2,log_quadratic,0.3,2.0819663189178943,0.020352889283727353,2.043029429400665,2.122022686735304,0.2940663584993919,0.005558117008383927,0.28313191477837985,0.30517079521691043,1.7243863268341941,119.84320924225703,7.079920088588439,10000
0.7,500,0.4,quadratic,0.01,7.839788340888079,0.17548405081886448,7.499981047281511,8.189246289837195,0.0003920773065043283,8.755119521594384e-06,0.00037513263203187825,0.0004091730011773678,4.704029835455448,63.177140322681765,19995.516728029583,10000
0.7,500,0.4,quadratic,0.1,7.838984836772003,0.1759897531027957,7.500913354506951,8.185670834349699,0.03919942198897148,0.0008803228135329101,0.03751517496464083,0.040971776876907985,4.71907067085879,62.676514547169695,199.97705167636028,10000
0.7,500,0.4,quadratic,0.3,7.841778172985489,0.17594400639423763,7.498963752396589,8.19811476317868,0.35292389199530044,0.007740482500693221,0.3380190200622589,0.36842332581963955,4.846236460589414,60.13620594282116,22.21945963661171,10000
0.7,500,0.4,l1,0.01,6.31845705647664,0.07506481206352983,6.171580505537521,6.463644358506577,0.044680519288336766,0.0005322704953986569,0.04363328115754948,0.04573530838388093,3.808946441601319,118.19435203725516,141.41413656591018,10000
0.7,500,0.4,l1,0.1,6.31831569377892,0.07495128365486033,6.171946463680546,6.465278459868039,0.4468424108169791,0.00540470991374462,0.43639732353472244,0.457614717916036,3.969726380594143,110.49861000904497,14.139919445486163,10000
0.7,500,0.4,l1,0.3,6.319100315194487,0.0752805337502738,6.17181262199711,6.46825215595783,1.3405591855926806,0.016135878040004575,1.3095983242800944,1.3720997862194304,4.327683863353764,91.44930057047792,4.713779431081755,10000
0.7,500,0.4,log_quadratic,0.01,2.0816870479680287,0.02021369762346082,2.041667119530938,2.1205857602414815,0.00039183674960103636,8.763809048561768e-06,0.00037504000694591643,0.00040924741808864737,1.2491689634806575,145.61391454438154,5312.638618219395,10000
0.7,500,0.4,log_quadratic,0.1,2.08205342251879,0.02017904339405294,2.042385389967436,2.121747216544049,0.038259276741116205,0.0008252662405956047,0.03663949655175664,0.039893472297149846,1.26453576420772,143.11616216309608,54.41957088230222,10000
0.7,500,0.4,log_quadratic,0.3,2.082319779589655,0.019858376523542713,2.0439102334527646,2.121037153159679,0.2941583308942947,0.005591298294489784,0.2833136121171792,0.3050843828885513,1.3670552001115108,122.57781269844479,7.07890806035996,10000
0.7,500,0.6,quadratic,0.01,7.838739870495654,0.17455679004230046,7.507415487398949,8.185457591212142,0.0003920013164969387,8.775629403939552e-06,0.00037470942030735953,0.00040931770711945763,3.13573114898816,63.50424894097001,19996.71822672787,10000
0.7,500,0.6,quadratic,0.1,7.83638794715564,0.17421145130435142,7.499780345522807,8.18361546203031,0.03920267652414071,0.0008750141204719603,0.03750330112116494,0.04094710678251396,3.1580767847767404,63.295185172722896,199.89420728276173,10000
0.7,500,0.6,quadratic,0.3,7.8382427021039724,0.17486223647807267,7.505099659674975,8.184493158717066,0.3528007936394401,0.00775100678109647,0.3376869030047989,0.3680793618401275,3.3469775570252533,60.479776202733106,22.21719124054636,10000
0.7,500,0.6,l1,0.01,6.319473887330432,0.07609833268328554,6.170822973611618,6.469331870345845,0.044671831909234405,0.0005248348620960056,0.04364415359030796,0.04571571605623665,2.5545926540777133,116.60832524410122,141.46439976248416,10000
0.7,500,0.6,l1,0.1,6.319517199470117,0.07495509168297508,6.171123460296866,6.465527197867488,0.4467737939431393,0.005296075326606913,0.43643830393553007,0.4571704652338352,2.7958711561539307,110.52830336147332,14.144780390307313,10000
0.7,500,0.6,l1,0.3,6.318533792830735,0.07437728410493019,6.174319205138853,6.463784296020083,1.3404551381511374,0.015979651941867908,1.3086960793502094,1.3715738918303724,3.331686600022976,92.54173575891544,4.7137226849275695,10000
0.7,500,0.6,log_quadratic,0.01,2.0817693729556086,0.020006717692134125,2.042801065297168,2.120735891821225,0.0003918954688343973,8.781386855945467e-06,0.000375168821367778,0.0004094453273714448,0.8329428864635443,147.12618125758797,5312.052673503349,10000
0.7,500,0.6,log_quadratic,0.1,2.0819433147913453,0.02010297007139706,2.0429480445675177,2.1210003093971808,0.03827919776268323,0.0008385787204343111,0.03668150313146014,0.03994451344179805,0.8557448445741483,143.64376106406414,54.38837375063653,10000
0.7,500,0.6,log_quadratic,0.3,2.081837859007746,0.020036492419960288,2.0427702934350966,2.1212429574163116,0.29411980744858307,0.005602762645684738,0.28330080488706494,0.3052016474449488,1.0092070280722485,121.5190372742018,7.078196728969656,10000
0.7,500,0.8,quadratic,0.01,7.84004157425255,0.17547736983317605,7.499751043928113,8.192064504382968,0.0003919166941375144,8.849127170979726e-06,0.00037495386732775115,0.0004092756761444675,1.5683218482058194,63.1815878390214,20004.357281860677,10000
0.7,500,0.8,quadratic,0.1,7.842807137366853,0.1745918619851062,7.503282929328285,8.193712093623601,0.03919026615427448,0.0008718144179203802,0.03749888692995252,0.04091225195475137,1.59991364039679,63.209379313414544,200.12130324640415,10000
0.7,500,0.8,quadratic,0.3,7.841188256422741,0.17534510668265546,7.500846804777803,8.18790256745599,0.3528151207581723,0.007992970465667775,0.33752900637313493,0.3688570632620596,1.8504897478910858,60.33343848249252,22.22463776374617,10000
0.7,500,0.8,l1,0.01,6.318502954788569,0.07477643742382874,6.174295755176333,6.468581621528264,0.04468393076458566,0.0005418817866011811,0.04361104767778274,0.045748402165772147,1.299447735569382,118.65083839690922,141.4043672226865,10000
0.7,500,0.8,l1,0.1,6.31904438644493,0.07387430223939188,6.175229402919285,6.46503964240881,0.4467987085358303,0.00543051587525887,0.4361662104391801,0.45750225982405834,1.6212478441176499,112.11289628003374,14.142933418837723,10000
0.7,500,0.8,l1,0.3,6.317744775348043,0.07690629043134305,6.169964627285053,6.468458314299126,1.3404268521876372,0.016112747703258566,1.308729303028321,1.3718440695823884,2.335890436819718,89.58186468733756,4.713233523363993,10000
0.7,500,0.8,log_quadratic,0.01,2.081729232981015,0.02007001431703978,2.04303775317164,2.1206819917727464,0.00039192671360174894,8.774435886134307e-06,0.00037483443615407363,0.0004093568658311478,0.4166593879670844,146.65934555895905,5311.526774611072,10000
0.7,500,0.8,log_quadratic,0.1,2.0819086626167747,0.0201875475450354,2.042506860864541,2.1213058811076606,0.03828926103482762,0.0008321736182257688,0.03670986126192085,0.03994551027361799,0.44701314135121695,143.0417369713488,54.373174262179845,10000
0.7,500,0.8,log_quadratic,0.3,2.0820113765351618,0.020423100159169965,2.042197716676043,2.122270713949234,0.2941735160510375,0.005556913629448443,0.28326617208712745,0.3052402749764952,0.6517410881478624,119.45730034489544,7.077494277812366,10000
0.7,500,1.0,quadratic,0.01,7.839513637986149,0.17438732410157803,7.497529939790281,8.182751147283266,0.0003919251246712404,8.761420015505155e-06,0.00037491984035100794,0.0004093598218637472,0.0003919251246712404,63.57223660919776,20002.579943202647,10000
0.7,500,1.0,quadratic,0.1,7.840824371825329,0.17508492431708136,7.501025604198231,8.18627075734412,0.03919450645963465,0.0008763109397437409,0.03748615106358676,0.04094676405146316,0.03919450645963465,63.015320227074305,200.04906503671324,10000
0.7,500,1.0,quadratic,0.3,7.8386821510779585,0.1762456363446064,7.501679535997027,8.187624511023017,0.35287689111653686,0.0078111894075157855,0.3378816162747511,0.3683604767128078,0.35287689111653686,60.0079838710202,22.213645462233597,10000
0.7,500,1.0,l1,0.01,6.318715691759077,0.07487112037607521,6.174312709188013,6.46573728276061,0.044679185327854795,0.0005360736802915128,0.043631318236246906,0.04573300655554792,0.044679185327854795,118.50497294535143,141.42414740538558,10000
0.7,500,1.0,l1,0.1,6.3175322221664745,0.0746238333455018,6.169638662393337,6.464133732580572,0.4467724378376088,0.005370676032418394,0.43621608125066236,0.45724304935432114,0.4467724378376088,110.9711033012616,14.14038039755431,10000
0.7,500,1.0,l1,0.3,6.32041062166971,0.07533930428543706,6.174135514958918,6.466912526883446,1.3405853238111076,0.016142465288884758,1.309497506696026,1.3724716143380744,1.3405853238111076,91.40302698722087,4.714664937328729,10000
0.7,500,1.0,log_quadratic,0.01,2.081796541641897,0.02026586663634144,2.0418109295463274,2.12168395626361,0.000391854079482637,8.984762726824601e-06,0.0003746372230917144,0.0004095644889407541,0.000391854079482637,145.24670972497577,5312.683089558446,10000
0.7,500,1.0,log_quadratic,0.1,2.081684768863459,0.02002925966899048,2.043054847235016,2.1204936688336193,0.038279012415642265,0.0008304046415098308,0.03666836444685873,0.03997960651014854,0.038279012415642265,144.15568698578852,54.38188285162768,10000
0.7,500,1.0,log_quadratic,0.3,2.0815655636472736,0.01997183075335289,2.0424476909962976,2.1206230150220438,0.2941102130249531,0.005654580210174011,0.28314681683637744,0.30544665762677004,0.2941102130249531,121.78337560996445,7.077501805320402,10000
0.7,1000,0.0,quadratic,0.01,7.8397959707525775,0.12617148809928214,7.600622234899283,8.09251390365334,0.0003920481065693053,6.123839153357966e-06,0.0003802204249950002,0.00040415272674252766,7.8397959707525775,87.86922863701572,19997.02546546205,10000
0.7,1000,0.0,quadratic,0.1,7.84009613661662,0.12497270731526126,7.595597445375702,8.08829360323287,0.03920324190825025,0.0006203287574197373,0.03800268795886178,0.04043288917447084,7.84009613661662,88.27521514514548,199.98591328149027,10000
0.7,1000,0.0,quadratic,0.3,7.8383877485802875,0.12345638181276658,7.5967856683534505,8.082268582063012,0.35283850881198625,0.005543240302051753,0.3420041608571107,0.36352967360470495,7.8383877485802875,85.66191649367256,22.215227512927324,10000
0.7,1000,0.0,l1,0.01,6.318538295500253,0.05309164309448508,6.214360939711471,6.424391764373918,0.04468136435207295,0.0003840774862832416,0.04392762024851048,0.04543335775979385,6.318538295500253,167.11370910746504,141.41328017006066,10000
0.7,1000,0.0,l1,0.1,6.3183402051810695,0.05403705368176078,6.2120036192678025,6.4238649086720185,0.4467810855978287,0.003801956414594737,0.4393199505746552,0.4541642933291234,6.3183402051810695,153.28670318163432,14.141915154547393,10000
0.7,1000,0.0,l1,0.3,6.3185084875912985,0.052765066414526336,6.215497535083757,6.422269176712878,1.340367281408006,0.011261659407743407,1.317936212247692,1.3624453987140077,6.3185084875912985,130.485666056834,4.714012774882075,10000
0.7,1000,0.0,log_quadratic,0.01,2.0817918758794303,0.014090389251709506,2.054482155515825,2.109279913763863,0.00039192750184180187,6.189616824274131e-06,0.0003799936263088097,0.0004041537920923317,2.0817918758794303,208.9043602084103,5311.675925002393,10000
0.7,1000,0.0,log_quadratic,0.1,2.0820421675910676,0.01413676427716161,2.0540795296074,2.1094753938468354,0.03827141666307893,0.0005978701018050131,0.03712105985772561,0.03945768358401418,2.0820421675910676,204.27213023543433,54.40201458755114,10000
0.7,1000,0.0,log_quadratic,0.3,2.081681075628939,0.014234484364274186,2.0541107449082974,2.10919456869828,0.29415350067806284,0.003917725741333932,0.28652105142098133,0.3019377156326368,2.081681075628939,171.2262172890046,7.076852972445977,10000
0.7,1000,0.2,quadratic,0.01,7.8406472604731405,0.12385211632463468,7.599084697634575,8.085464854565972,0.00039200976622409727,6.17155737963675e-06,0.0003799097853802097,0.0004040807318407784,6.272596210331757,89.52447179173068,20001.152869214326,10000
0.7,1000,0.2,quadratic,0.1,7.840498390895736,0.12312059311597674,7.603725603886987,8.080429948314096,0.03920128016643167,0.0006264977178732709,0.037991899562285755,0.04046911141324488,6.2802389687498765,89.60773391659015,200.00618239017638,10000
0.7,1000,0.2,quadratic,0.3,7.838846557615651,0.12404330173692989,7.597866974848669,8.084528370313622,0.35272270055634747,0.005495217705031741,0.3420475046134692,0.36341669995841325,6.341621786203791,85.2654211197407,22.223822127840037,10000
0.7,1000,0.2,l1,0.01,6.31863309951877,0.05342519558905127,6.214207480542293,6.423448009442913,0.044681930417077874,0.0003775056446859086,0.04394651934682914,0.045419388400399587,5.063842865698431,166.07305298326182,141.41361039100778,10000
0.7,1000,0.2,l1,0.1,6.3180821797589495,0.0527168304374131,6.21460066721439,6.420947275062984,0.4467762208992065,0.0037589710668439447,0.43944234118358366,0.4541827546315452,5.143820987987001,157.10830899740378,14.141491610817667,10000
0.7,1000,0.2,l1,0.3,6.318516596385235,0.05301452054584219,6.214047187484744,6.4230124751849536,1.3403664234132426,0.011378481431421672,1.31811357921494,1.3629533870685897,5.322886561790837,129.84004119287567,4.714021842098323,10000
0.7,1000,0.2,log_quadratic,0.01,2.081984137722716,0.014172736024521935,2.0540705485348276,2.109774941767776,0.00039189370967903476,6.200740282207418e-06,0.0003797132446761225,0.0004041919232917404,1.6656656889201087,207.7097672582624,5312.6245364537335,10000
0.7,1000,0.2,log_quadratic,0.1,2.0819169871240435,0.014178340941326698,2.0542551915012703,2.109460386889848,0.038281363072468357,0.0005905943014952515,0.037142676124536075,0.03944561522710978,1.6731898623137291,203.66509237038463,54.38460963845201,10000
0.7,1000,0.2,log_quadratic,0.3,2.082031529255021,0.014317338987861436,2.0542650755757075,2.1103334855812634,0.29412999870741385,0.003961567546987422,0.2865478962579157,0.30195164328052404,1.7244512231454996,170.2067960306913,7.07860992895908,10000
0.7,1000,0.4,quadratic,0.01,7.8398817853516,0.125174806702438,7.596790959628396,8.085659456010102,0.0003919568009177712,6.203596831535387e-06,0.00037996603435021964,0.0004044408526903979,4.704085853931327,88.56984177624543,20001.902676505244,10000
0.7,1000,0.4,quadratic,0.1,7.840606654770591,0.12348106100255513,7.597248117667777,8.080540234535576,0.039194993910109145,0.0006186009675720736,0.03800355356188375,0.04041856092002589,4.720041990426398,89.34749704955694,200.0410224007803,10000
0.7,1000,0.4,quadratic,0.3,7.839313356319416,0.12394911398733789,7.599675622195567,8.082596427493806,0.3527980075479048,0.005575116220695841,0.34228492559852103,0.36378459006411634,4.844707216810812,85.33209731501096,22.22040144389124,10000
0.7,1000,0.4,l1,0.01,6.318720388225654,0.05371946901816449,6.213363253602392,6.426966294138997,0.044682453062699704,0.00037599872079376376,0.0439439201472899,0.04542279124322026,3.8091052141604718,165.16567211115205,141.4139098262811,10000
0.7,1000,0.4,l1,0.1,6.317977191627981,0.05365988001751691,6.211696170144459,6.422254902390746,0.4468755650474922,0.0037739710057504094,0.4394068535298457,0.45413894324611304,3.9695365409957857,154.3524147725243,14.138112901645295,10000
0.7,1000,0.4,l1,0.3,6.319648619578957,0.05343819021359687,6.214234125364957,6.42558803925985,1.340423643357551,0.011437671359923601,1.3180223146023218,1.3629322118599598,4.327958629090394,128.8541349875142,4.714665136575201,10000
0.7,1000,0.4,log_quadratic,0.01,2.0818432429040548,0.014167922558896769,2.0542675460528903,2.109470444552605,0.00039187676830561047,6.176865385646463e-06,0.00037992338972955126,0.00040407553806591,1.249262696449755,207.7662733840601,5312.49466995834,10000
0.7,1000,0.4,log_quadratic,0.1,2.081722028565216,0.01422592735932507,2.0540114741082736,2.109938409765533,0.03828153252834721,0.0005960366175933265,0.037155687761276104,0.03947460399431361,1.2643458301504686,202.96238294439257,54.37927614375718,10000
0.7,1000,0.4,log_quadratic,0.3,2.0817797766284025,0.014109946257886904,2.0542246765601315,2.1093710263319134,0.29414800261786833,0.003955903969048209,0.2865107192556143,0.301941734103405,1.3667270670241887,172.51896018916005,7.077320798036731,10000
0.7,1000,0.6,quadratic,0.01,7.839615238277415,0.1245185649748101,7.601896533424362,8.088776799230354,0.00039206320489124986,6.179460413532104e-06,0.0003800831040032698,0.00040424252074015843,3.136081333233901,89.03359688772477,19995.79440374151,10000
0.7,1000,0.6,quadratic,0.1,7.840512659917536,0.12406322915304212,7.5977229202445296,8.08570802857506,0.03920941537906006,0.0006153373464132451,0.0379776956461259,0.040384658708422574,3.1597307131944508,88.9270191213308,199.9650488057211,10000
0.7,1000,0.6,quadratic,0.3,7.840377762843582,0.12257633442307977,7.599401407178544,8.08320029285865,0.3527501728671951,0.005532752774435627,0.34210487768189085,0.3637842556342594,3.3478012088577502,86.29997010638759,22.22643209248082,10000
0.7,1000,0.6,l1,0.01,6.319473765494271,0.05262320653881937,6.216686850193472,6.42231399362827,0.044684000899154135,0.0003789368727408089,0.04394314968807147,0.04543151613719187,2.554599906737202,168.62641611889697,141.42587141550922,10000
0.7,1000,0.6,l1,0.1,6.319827931217608,0.05342477070512549,6.215439901869851,6.4274074030895845,0.44679895411970794,0.003769823393638538,0.4394615755178757,0.45419331019825404,2.7960105449588686,155.08005455190454,14.144679330481104,10000
0.7,1000,0.6,l1,0.3,6.318001613108824,0.053633531731607474,6.211691695963078,6.423809833451538,1.3403740163525393,0.011207318470947095,1.3187070934915646,1.3623581092549095,3.3314250550550533,128.47555516456077,4.713610929508716,10000
0.7,1000,0.6,log_quadratic,0.01,2.081694631325161,0.0141986612950096,2.053716770503153,2.1092359901890747,0.00039185374515170965,6.197636613407142e-06,0.00037965526372886287,0.00040398219649726496,0.8329129647771557,207.3016796374466,5312.427550026898,10000
0.7,1000,0.6,log_quadratic,0.1,2.081782854125798,0.014216862003091593,2.053976406648301,2.109291147879259,0.03828045869977692,0.0005944015003214156,0.037139987811106945,0.03944887250438662,0.8556814168701856,203.09870279018682,54.38239051555382,10000
0.7,1000,0.6,log_quadratic,0.3,2.081774008593469,0.014281912632388203,2.0535082062093624,2.109531142363034,0.2941819721485844,0.0039748014846461045,0.2863481251629079,0.3020004724508529,1.0092187867265383,170.528571678464,7.076483964632659,10000
0.7,1000,0.8,quadratic,0.01,7.841109870350997,0.12421138363296919,7.601660397460739,8.086928134526945,0.0003919400754599397,6.156894571231207e-06,0.00037991146035625103,0.00040397699936555793,1.568535526130567,89.27080029058112,20005.889576740767,10000
0.7,1000,0.8,quadratic,0.1,7.84218439142168,0.12457063128034428,7.6039549862096125,8.08435585616759,0.0391970381086369,0.0006166842108118638,0.03802012604598066,0.04043511431091051,1.599794508771245,88.58392392625781,200.07084131424938,10000
0.7,1000,0.8,quadratic,0.3,7.840448575981884,0.12486337601448425,7.593953362376143,8.086217444520681,0.352752160911786,0.005607646692582679,0.34185552765395516,0.36381662487064553,1.8502914439258054,84.72091207528507,22.226507573238006,10000
0.7,1000,0.8,l1,0.01,6.318987120842031,0.053138255530214694,6.215412954473232,6.424671614292214,0.0446823365238197,0.00038089854627322794,0.043950283587371866,0.045426049283181016,1.2995432933874618,166.97911669830077,141.42024818853068,10000
0.7,1000,0.8,l1,0.1,6.319754107509812,0.052966277539431804,6.216505084694243,6.424921224975248,0.4468641968043721,0.00377575105532381,0.4394772930703753,0.45431500891881427,1.62144217894546,156.4107959714803,14.142448987195252,10000
0.7,1000,0.8,l1,0.3,6.318902785510036,0.0528248540769008,6.216086699219184,6.425037733940061,1.3404655245482824,0.011173018691224083,1.318593970314249,1.3625403943626153,2.336152976740633,130.39660796674718,4.7139614333904,10000
0.7,1000,0.8,log_quadratic,0.01,2.0818210039383276,0.014409115621470174,2.053829598141185,2.1097472759601636,0.0003918954242175157,6.205456528319557e-06,0.00037976692606485265,0.0004041614590045135,0.41667771712703944,204.28630588680434,5312.185025112322,10000
0.7,1000,0.8,log_quadratic,0.1,2.081773782167692,0.014240556298581444,2.053947151691009,2.110015192439096,0.038274967170365805,0.0005956645864567958,0.03711579183213877,0.03945336395476809,0.44697473016983097,202.76025774070578,54.389956048858345,10000
0.7,1000,0.8,log_quadratic,0.3,2.0819247085006087,0.01415769526307563,2.053987742396922,2.1102381562016186,0.29418040110122934,0.00395252050040226,0.2864936312919501,0.30186065162744113,0.6517292625811051,172.00079270868318,7.077034026424505,10000
0.7,1000,1.0,quadratic,0.01,7.841194608100122,0.12415254533239682,7.599315545536683,8.086085305017276,0.0003919779667072309,6.1729124004468165e-06,0.00037985630469214817,0.00040406645389335787,0.0003919779667072309,89.31407226514348,20004.17185172228,10000
0.7,1000,1.0,quadratic,0.1,7.838914095353175,0.1234943203649022,7.5953085821330095,8.07510238604121,0.03919426715246359,0.0006081389422550037,0.038018099096511,0.04042336944645934,0.03919426715246359,89.3185677622562,200.0015477993305,10000
0.7,1000,1.0,quadratic,0.3,7.839336540790381,0.1253102120800738,7.598911569048981,8.084603784306044,0.35283696054534225,0.005572253205970607,0.3420207615280249,0.3639119077224817,0.35283696054534225,84.40698353891324,22.218014033093244,10000
0.7,1000,1.0,l1,0.01,6.318829353026258,0.05369543255578342,6.215906894419482,6.425412679551194,0.044682661100306435,0.0003777200599716045,0.043956518979697434,0.045420034947393696,0.044682661100306435,165.2424311380052,141.41569005573223,10000
0.7,1000,1.0,l1,0.1,6.318706083329561,0.0536016126855309,6.214765321392888,6.425133450701538,0.44683684618012975,0.0037356472329220345,0.4395329776174487,0.4541741609457568,0.44683684618012975,154.54728032315367,14.140969209111175,10000
0.7,1000,1.0,l1,0.3,6.319412763672181,0.053534207268435004,6.215933317895959,6.424549495330574,1.340446666046996,0.011390745403640996,1.3181252837845707,1.3627672583962125,1.340446666046996,128.6494327534759,4.714408207159972,10000
0.7,1000,1.0,log_quadratic,0.01,2.081896388206564,0.014271751106756266,2.053647427487418,2.109814181717797,0.0003918606118173319,6.157020209002858e-06,0.0003798801415280052,0.0004040993503749072,0.0003918606118173319,206.260019328396,5312.849328110202,10000
0.7,1000,1.0,log_quadratic,0.1,2.081681680094947,0.01432510033716261,2.0537503832634973,2.1095988901561205,0.03828024244558329,0.0005886162720133196,0.03713635981824056,0.039450319223716696,0.03828024244558329,201.5601638874383,54.3800547515897,10000
0.7,1000,1.0,log_quadratic,0.3,2.081652222684541,0.014135292442080009,2.053634008801926,2.108952414453172,0.29418101643933875,0.003936588326698037,0.28646582594347625,0.3017778204831274,0.29418101643933875,172.27759083477528,7.076092971192061,10000
0.7,5000,0.0,quadratic,0.01,7.839404249107612,0.05529700606711291,7.732152572929588,7.947439173849864,0.0003920251740167501,2.7738414900151763e-06,0.0003865994010721738,0.00039744881274935177,7.839404249107612,200.4816929020106,19997.196018775714,10000
0.7,5000,0.0,quadratic,0.1,7.840429834682204,0.05563679317948339,7.732180446303371,7.950139374616157,0.039201609370245055,0.00027841397603581606,0.03866432946269218,0.03974931913613098,7.840429834682204,198.2944018848722,200.00275398471967,10000
0.7,5000,0.0,quadratic,0.3,7.83996272432781,0.05572350578969545,7.730104432888116,7.948270106695817,0.35278445863394664,0.0025007830378757823,0.34793856195098355,0.3576345680159752,7.83996272432781,189.82693216377416,22.223095526049374,10000
0.7,5000,0.0,l1,0.01,6.319347612142451,0.024052569851828007,6.272629898640032,6.366818857699888,0.04468190185432752,0.0001687971609725869,0.04434558691391682,0.0450105743835617,6.319347612142451,368.9210298006749,141.42969188609888,10000
0.7,5000,0.0,l1,0.1,6.319270577114807,0.02391296396842106,6.272726935528009,6.366251341671155,0.44682237236823347,0.0016709371143044504,0.4435486280721815,0.4500638320664244,6.319270577114807,346.45203347874263,14.14269062585567,10000
0.7,5000,0.0,l1,0.3,6.31913545866084,0.023840244028519395,6.272155137280628,6.366149474371787,1.340408786136919,0.005072787027903238,1.3304311421291442,1.3501407743585903,6.31913545866084,288.8730413157014,4.714334555261083,10000
0.7,5000,0.0,log_quadratic,0.01,2.0818781986754944,0.0064441499145542185,2.0693923233675657,2.0947160271149032,0.0003918676123513974,2.7704989818188843e-06,0.0003864449482404165,0.00039730483982772805,2.0818781986754944,456.79662426673866,5312.707998967321,10000
0.7,5000,0.0,log_quadratic,0.1,2.0817510165024125,0.006285850686023047,2.069409336180727,2.093897646922068,0.038273289456118485,0.00026581534243974776,0.037753326409428384,0.03879297526540268,2.0817510165024125,459.3385293704907,54.39174542050284,10000
0.7,5000,0.0,log_quadratic,0.3,2.081883417112011,0.006406068224837905,2.069366854025445,2.094323951069093,0.2941953357355382,0.0017743358715492546,0.29073948968385743,0.29765344468046323,2.081883417112011,380.3334361331688,7.076534411760641,10000
0.7,5000,0.2,quadratic,0.01,7.83953066473683,0.055344111040817864,7.730112563520427,7.949396300496709,0.00039204911326568817,2.7448568992862105e-06,0.0003866435461041192,0.0003974580777779232,6.271702941612117,200.31428683941198,19996.297401198433,10000
0.7,5000,0.2,quadratic,0.1,7.840414635757111,0.05520339443811134,7.731524101166951,7.947473657506979,0.03919747399109163,0.00027853510999421534,0.038653229734354796,0.03975525214992073,6.280171203403908,199.8508749879091,200.02346675551067,10000
0.7,5000,0.2,quadratic,0.3,7.8399054407638324,0.056225300417544866,7.728565354943579,7.951013247846842,0.35279977264146006,0.0024979348596142824,0.3478219624834213,0.3577266342284961,6.342484307139359,188.1347399313576,22.221968517908586,10000
0.7,5000,0.2,l1,0.01,6.318853994422442,0.023582947859788504,6.272358349370653,6.365048933159457,0.04468093625026785,0.0001683542696648284,0.0443559368903174,0.04501815588822904,5.0640193827880084,376.23772043131225,141.42170072330484,10000
0.7,5000,0.2,l1,0.1,6.319220194689508,0.024010586659096153,6.272182057081565,6.366327334959783,0.446821018997791,0.0016836109026221182,0.44357774937252553,0.4501353101336034,5.1447403595511645,345.0346835296574,14.142620704960052,10000
0.7,5000,0.2,l1,0.3,6.318882807158778,0.023910284269173156,6.272325945089231,6.3655446789091386,1.3404979123503578,0.0050640646030621385,1.330672647910405,1.350398838270504,5.323205828197094,288.064888666249,4.713832635576123,10000
0.7,5000,0.2,log_quadratic,0.01,2.0818998924845755,0.006393036037766496,2.0694949460589367,2.0943150043826586,0.0003918713558857628,2.751633704588539e-06,0.0003865529477674865,0.00039729991431600154,1.6655982882588374,460.4536222873603,5312.712606357186,10000
0.7,5000,0.2,log_quadratic,0.1,2.0818755808203577,0.006401663818930401,2.069162130101035,2.094445754356186,0.03827811728269212,0.0002642981268966956,0.037755465570969614,0.03879056900546138,1.6731560881128247,451.0738724645966,54.388139454332595,10000
0.7,5000,0.2,log_quadratic,0.3,2.0819070969970364,0.006337673935381348,2.0695296572782897,2.094182277468339,0.29415391533118546,0.0017672688718335058,0.29067653306184116,0.29764611392393997,1.7243564606638662,384.26605710158884,7.077611374484118,10000
0.7,5000,0.4,quadratic,0.01,7.840085692762096,0.05564844944867205,7.732657245010881,7.951491468531342,0.00039199606985636015,2.7953778575999467e-06,0.00038647550122344155,0.0003973297280649473,4.7042082140852,199.23288513098893,20000.419125719687,10000
0.7,5000,0.4,quadratic,0.1,7.8414005831628675,0.05626026563815596,7.731844246000863,7.951637096503446,0.03919680129702807,0.0002763553997499678,0.03865856095956777,0.03973504197424299,4.720519070416532,196.1215284823494,200.05205332296867,10000
0.7,5000,0.4,quadratic,0.3,7.8405557874172755,0.05586452589072603,7.73140532260588,7.949747977105907,0.3527902286222161,0.0025062466684658002,0.34788477102227783,0.3577665984305269,4.845449563899251,189.36273142234265,22.22441312515291,10000
0.7,5000,0.4,l1,0.01,6.318871000074243,0.023846300418198935,6.271750234928812,6.3649837822672035,0.04468209394689643,0.00016745399273651704,0.04435288752915684,0.04500763494617639,3.809195437623304,372.08389244864793,141.41841713112342,10000
0.7,5000,0.4,l1,0.1,6.319601095704652,0.023894543220324402,6.272325960821085,6.366766892973809,0.44680401900326516,0.001682164365028056,0.4435206807089068,0.45005956492333754,3.9704822650240965,346.7270433785068,14.144011304559168,10000
0.7,5000,0.4,l1,0.3,6.319098659823509,0.023750331666786556,6.27257065755053,6.364750856722196,1.3405437388158017,0.005083330967071297,1.330467628358381,1.3506123327907131,4.327676691420426,289.882694382776,4.713832512026516,10000
0.7,5000,0.4,log_quadratic,0.01,2.081784571491,0.006368759781406797,2.069255314179618,2.094232294045821,0.00039193124656316527,2.746246285485156e-06,0.0003865846991076956,0.0003974031195254699,1.2492275153932255,462.1831452008396,5311.606537488689,10000
0.7,5000,0.4,log_quadratic,0.1,2.08190229738008,0.006381699195224696,2.069375105706572,2.0942209059068677,0.03827865407193905,0.0002664318377550277,0.037751931778292835,0.038804347205270213,1.2644528400568233,452.4821242357326,54.38807470783726,10000
0.7,5000,0.4,log_quadratic,0.3,2.08194262231811,0.006380186356104101,2.069421229711522,2.0944959579734306,0.2941603349889634,0.0017771989456817942,0.2907205320731673,0.29766167358992346,1.3668297073864513,381.7416106856688,7.0775776835997375,10000
0.7,5000,0.6,quadratic,0.01,7.840292550493544,0.05561377055156195,7.733062682050311,7.948886274425903,0.0003920284873219906,2.782214410797123e-06,0.00038660785233990305,0.00039753772825530345,3.1363522372898114,199.3623795337391,19999.292918868825,10000
0.7,5000,0.6,quadratic,0.1,7.840193682309797,0.05597843362844059,7.730923815469436,7.948386259407429,0.03920067150409939,0.0002771485679358775,0.038667549284326884,0.03975098282466453,3.1595978758263783,197.0783065938874,200.00151480797754,10000
0.7,5000,0.6,quadratic,0.3,7.840208560788621,0.0554639191201307,7.732430350864263,7.9493539944551195,0.3527948582892336,0.0025100732242869586,0.3479155517059922,0.35771819460686743,3.347760339288989,190.71813397649436,22.223137261147222,10000
0.7,5000,0.6,l1,0.01,6.318745169596336,0.023888425746730748,6.271973883151176,6.365781886043169,0.04467881795145853,0.00016892164889837917,0.04434938998622753,0.04500425797118899,2.55430535860941,371.42036873066627,141.42597005277446,10000
0.7,5000,0.6,l1,0.1,6.319054751169915,0.023666031486959022,6.273458598313639,6.36603262300643,0.4468194818756252,0.0017001153311693815,0.4435236345269043,0.450160105589203,2.795713589593342,350.00581831827276,14.142299088312495,10000
0.7,5000,0.6,l1,0.3,6.319038314955924,0.023991708682964477,6.271848385953124,6.3658125845685944,1.3404681223862702,0.005047911945636913,1.3306522420312772,1.3501872683062142,3.3318961994141327,287.1787024771295,4.714053403751906,10000
0.7,5000,0.6,log_quadratic,0.01,2.081822888740181,0.006368983816306398,2.069372346098874,2.094360298487095,0.00039191093680419675,2.7684022710952873e-06,0.0003865306432149554,0.0003973589691075029,0.8329643020581551,462.17539952599964,5311.979567899336,10000
0.7,5000,0.6,log_quadratic,0.1,2.0818518912952904,0.006301733763183584,2.069373546736339,2.094116172540677,0.03827829969080232,0.000264783096331084,0.037755472395035794,0.0388000957591237,0.8557077363325974,458.20750641766216,54.387261401674195,10000
0.7,5000,0.6,log_quadratic,0.3,2.0818409082156917,0.0063475820511314784,2.069646844400687,2.094509424967201,0.29416207289873064,0.0017707195160521073,0.29080978840082944,0.2977285105416679,1.009233607025515,383.6395336444278,7.077190093545452,10000
0.7,5000,0.8,quadratic,0.01,7.839002337560111,0.05515513842405741,7.731659207058273,7.949474066871665,0.00039202622296995285,2.8215259545000086e-06,0.0003865885009551686,0.0003976153604481085,1.568114088490398,200.98705786422727,19996.11729585992,10000
0.7,5000,0.8,quadratic,0.1,7.840187783468838,0.055515556312773995,7.730257457396218,7.948022748028007,0.03920043900996813,0.00027556160011371123,0.038659177864056274,0.0397513492431616,1.5993979079017415,198.72134822094577,200.00255051927317,10000
0.7,5000,0.8,quadratic,0.3,7.838779327283326,0.05645112114721928,7.727035376764296,7.949722164205888,0.35280935286632514,0.0024878220376608096,0.34792413715284093,0.35775104721762585,1.850003347749725,187.35667618250326,22.21817325305811,10000
0.7,5000,0.8,l1,0.01,6.318991511372797,0.02401737788210564,6.272864737467686,6.3657592614630705,0.04468138856063743,0.0001670152856275903,0.04435082988182592,0.045012568343610664,1.2995434131230694,369.44082653786694,141.42334683259114,10000
0.7,5000,0.8,l1,0.1,6.31877435938954,0.023503634662150465,6.27365620724221,6.365008000605659,0.4468009806010602,0.0017021881702220082,0.4434666461500816,0.450178290335841,1.621195656358756,352.39366153730396,14.142257142965962,10000
0.7,5000,0.8,l1,0.3,6.318581476580061,0.024178317117425584,6.272028442923005,6.366169144880423,1.3405265454639423,0.005053445513179384,1.3307051940517112,1.3503853927357985,2.3361375316871658,285.0126176445524,4.713507164748659,10000
0.7,5000,0.8,log_quadratic,0.01,2.081846192205174,0.006415199798118175,2.0692614059135614,2.0946210010309776,0.0003918999518575216,2.7295465639156667e-06,0.0003865534479705632,0.0003973551334759479,0.4166827584025206,458.8509657921816,5312.187925356128,10000
0.7,5000,0.8,log_quadratic,0.1,2.081835280179239,0.006307392212308901,2.0696812981426937,2.0942667904161865,0.03827766337849444,0.00026620139768807733,0.03774735973076227,0.03879617191034496,0.4469891867386432,457.7892615961117,54.3877315496974,10000
0.7,5000,0.8,log_quadratic,0.3,2.0818108540385203,0.006353103160786061,2.0692427516195364,2.094140353313774,0.2941553215275598,0.0017573140610113822,0.29075950756511015,0.29767464733321763,0.651686428029752,383.5337462349881,7.0772503561302145,10000
0.7,5000,1.0,quadratic,0.01,7.839411670437944,0.05579958235113079,7.731489445143787,7.9512714565191445,0.00039206339599784894,2.7873025378322533e-06,0.000386537799063162,0.0003975029541045439,0.00039206339599784894,198.67617933759834,19995.265435289337,10000
0.7,5000,1.0,quadratic,0.1,7.839351549014461,0.05514537264272633,7.731994439826729,7.9483179015230805,0.03919657632323651,0.00027619927524706513,0.038651268071705845,0.039734530459386255,0.03919657632323651,200.0339477909968,200.00092570246085,10000
0.7,5000,1.0,quadratic,0.3,7.839625151531088,0.05542309761008114,7.730266128205359,7.9472701747569445,0.35279032097003526,0.0024844594152730348,0.34795062995168036,0.35767806901332433,0.35279032097003526,190.84752899415832,22.221769378409213,10000
0.7,5000,1.0,l1,0.01,6.31843456220656,0.02362329940971829,6.2721489331588485,6.3653586860538605,0.04468047135515583,0.00016905499691546717,0.04435427868140534,0.0450126711652754,0.04468047135515583,375.56993153523285,141.41378482743906,10000
0.7,5000,1.0,l1,0.1,6.318843715448936,0.02404362867228844,6.271250571495189,6.365583721300238,0.44681067045436157,0.0016809865843265702,0.44355702949173254,0.4500436909439558,0.44681067045436157,344.5439697173478,14.142105668656718,10000
0.7,5000,1.0,l1,0.3,6.318664594306493,0.02360048853546194,6.272090909795647,6.365825004619986,1.3404722892356271,0.005024287087281005,1.3305380235743711,1.350314628801587,1.3404722892356271,291.77002687422987,4.713759952404211,10000
0.7,5000,1.0,log_quadratic,0.01,2.0818728848764967,0.00640762216821824,2.069397411184157,2.094363458201939,0.0003918847436873239,2.795332223785153e-06,0.0003864932267155971,0.0003974659314846333,0.0003918847436873239,459.3994937309296,5312.462193061479,10000
0.7,5000,1.0,log_quadratic,0.1,2.0818248980804888,0.006327498979063524,2.0695642871338515,2.0941305293854633,0.038272290126763926,0.0002646945450495238,0.03775222932416031,0.03878693109855785,0.038272290126763926,456.34056062723926,54.39509606519894,10000
0.7,5000,1.0,log_quadratic,0.3,2.0818759378295515,0.006378596244827107,2.0693865200743207,2.0943737880653317,0.2941577790961275,0.00177219740090762,0.29072146272378857,0.2975858520076619,0.2941577790961275,381.89354428514326,7.077412483282373,10000
1.0,100,0.0,quadratic,0.01,16.00385053154283,0.7965931600376988,14.455094985947568,17.594606579125053,0.0007998032727512517,3.992505988578603e-05,0.0007235356712760087,0.0008808920300423784,16.00385053154283,28.41065237086368,20009.733739261927,10000
1.0,100,0.0,quadratic,0.1,15.992726989047643,0.8025765039987616,14.473220460140098,17.611508473709655,0.0800204014464712,0.0039909588608139515,0.07246271712539504,0.08800402407235927,15.992726989047643,28.039304825123786,199.858119928901,10000
1.0,100,0.0,quadratic,0.3,16.005812928287888,0.7935261804699674,14.485436800308507,17.642154818307155,0.7207613202016878,0.035898826024364165,0.6529607292389518,0.7911691745311824,16.005812928287888,27.21301637010162,22.206814488614683,10000
1.0,100,0.0,l1,0.01,9.027065588449917,0.24169209340109535,8.544034697747461,9.50125181087633,0.06381876740889578,0.0016964693724942836,0.06053356507947002,0.06719319712453553,9.027065588449917,52.44537704789561,141.4484477679151,10000
1.0,100,0.0,l1,0.1,9.028369098652089,0.24249405463143214,8.558412650206655,9.511843600121757,0.63827630978747,0.017078673802331107,0.6045634432362101,0.6712982920459697,9.028369098652089,48.809708972147966,14.144922755566958,10000
1.0,100,0.0,l1,0.3,9.023602571314019,0.24415590699983894,8.555538164034292,9.508189160773862,1.9155148672843167,0.051483671352376144,1.8152824430589418,2.0165285224884486,9.023602571314019,40.28597572565644,4.710797459957621,10000
1.0,100,0.0,log_quadratic,0.01,2.721020229750632,0.04860934540060214,2.625072654899412,2.8162957973579417,0.0007997290750100529,4.0110762335768304e-05,0.0007245125499873155,0.0008802781228839421,2.721020229750632,79.14057231791286,3402.4275404972964,10000
1.0,100,0.0,log_quadratic,0.1,2.721054459259152,0.04860603314960537,2.625244181536791,2.815017192083919,0.07632090606947038,0.0036063632833433917,0.06925423057387654,0.08352371233269615,2.721054459259152,76.73873281481208,35.65280601860699,10000
1.0,100,0.0,log_quadratic,0.3,2.7219006195274074,0.0492244963596379,2.6223866199667545,2.8163009769724674,0.52219306682443,0.019918790704300228,0.4833272392370113,0.5610110081016552,2.7219006195274074,58.58279352680762,5.212441130403892,10000
1.0,100,0.2,quadratic,0.01,15.992602337583353,0.8029605897386881,14.434464173306337,17.60541139299132,0.0008002586178488334,3.963097189597745e-05,0.0007229069331691203,0.000879301469635515,12.794241921790253,28.16554591636055,19984.292553540876,10000
1.0,100,0.2,quadratic,0.1,16.002304122412102,0.8013962438737098,14.467261024932718,17.584353793401263,0.07998236616633164,0.003959934779792266,0.07237423427492602,0.0878871173757605,12.817839771162951,28.097571769906843,200.07290218363443,10000
1.0,100,0.2,quadratic,0.3,15.998837490214378,0.7998320720398349,14.45591277174104,17.607306555630046,0.7197505887959774,0.0359606055964828,0.6500534417484292,0.7914969919709707,12.943020109930702,26.988272191981974,22.228307609970507,10000
1.0,100,0.2,l1,0.01,9.029807859653422,0.24049965957406633,8.570945674489005,9.507213767855996,0.06384457006164831,0.0016898255172029192,0.06050879434599133,0.06715968411130371,7.236615201735069,52.72137982810338,141.434233967497,10000
1.0,100,0.2,l1,0.1,9.025406319264901,0.24238441207532002,8.556553545843842,9.49818133076298,0.6385992429197577,0.017058232456213764,0.6050140345663225,0.6718905461258786,7.3480449039958735,48.8128440703564,14.133130315030732,10000
1.0,100,0.2,l1,0.3,9.027792589475242,0.2433470137826904,8.555951202266849,9.511367054553716,1.9150927225982435,0.05048792119853348,1.816161077595943,2.01363061677679,7.605252616099843,40.473609062064135,4.714023756106733,10000
1.0,100,0.2,log_quadratic,0.01,2.721427890136921,0.04872480396258927,2.625191994089116,2.8166331670003535,0.0007996373840722214,3.980023503929415e-05,0.0007223208401600972,0.0008795684469625861,2.1773022395863513,78.96487572502834,3403.327488614674,10000
1.0,100,0.2,log_quadratic,0.1,2.721117063603731,0.049011132667501095,2.624056056807054,2.8158545967615,0.0763312431878345,0.0036028880948129984,0.06943016824449542,0.08346955891464784,2.192159899520552,76.10978072774196,35.648797922859146,10000
1.0,100,0.2,log_quadratic,0.3,2.720662382470087,0.048757607817254904,2.6275031533135156,2.8166233683142408,0.5215756682353375,0.02001566984695265,0.4827006693716308,0.5608732090807026,2.280845039623137,59.006057394724024,5.21623716013246,10000
1.0,100,0.4,quadratic,0.01,16.00686855682526,0.8005327930115049,14.453456091059397,17.58280505983423,0.0007995395982620424,3.956223258068985e-05,0.0007227555270412072,0.0008782183570685396,9.60444094993446,28.27616814002856,20020.10731128184,10000
1.0,100,0.4,quadratic,0.1,16.00675267909082,0.8012140677639116,14.482228314123901,17.615597699629205,0.07997513798546278,0.003989243515045026,0.07242150950244639,0.08787000156860181,9.636041662648676,28.111819957800904,200.1466090874441,10000
1.0,100,0.4,quadratic,0.3,15.993432195991334,0.797638132637651,14.466818075668929,17.613539481686757,0.7197248005917721,0.03582841063079954,0.6509522371067111,0.7915666023789669,9.88394923783151,27.053027437275762,22.22159384092533,10000
1.0,100,0.4,l1,0.01,9.025078079499277,0.23981872842314073,8.553729711056768,9.4988389336524,0.0638218067805519,0.0016903116096580145,0.06054266559790748,0.06713429148126879,5.440575570411787,52.84330986823293,141.41057006630285,10000
1.0,100,0.4,l1,0.1,9.028284668101755,0.23811668858918,8.561126700361587,9.502324536566993,0.638272936343403,0.01691329507933989,0.6060880759214602,0.6717425600269235,5.672279975398414,49.70441180082298,14.144865235590007,10000
1.0,100,0.4,l1,0.3,9.024844654490657,0.24049324293246332,8.5623305432225,9.499201002577552,1.9156968539663037,0.051464983838094,1.8169170243627442,2.0170419751125745,6.1811855342809165,40.879576225125696,4.710998316777212,10000
1.0,100,0.4,log_quadratic,0.01,2.7211055098776633,0.048328155014085966,2.6254410677747844,2.8163740319987594,0.0007989788669329264,3.985999778615602e-05,0.0007232876700422155,0.0008780894350643007,1.632982897473371,79.60355780884102,3405.7290154910916,10000
1.0,100,0.4,log_quadratic,0.1,2.721232473258415,0.04876387472432748,2.6255621475234134,2.816720615542331,0.07627046641267853,0.003616653446226286,0.06931005205982729,0.08362547700552907,1.6632476705201202,76.49711243029459,35.678718136251774,10000
1.0,100,0.4,log_quadratic,0.3,2.721184716968244,0.049231885283167666,2.624784749647486,2.8177883099597354,0.5220586372130807,0.01987825012989888,0.48397049588880564,0.562090105684228,1.8415342850661787,58.57650999587598,5.2124120223253385,10000
1.0,100,0.6,quadratic,0.01,16.008634369535528,0.7984297430587652,14.43968981993754,17.578193564470073,0.0008000961696132963,3.9997749700210566e-05,0.0007232947107590582,0.0008812805726718096,6.40393380551598,28.353773769099657,20008.387713283075,10000
1.0,100,0.6,quadratic,0.1,15.992063840501933,0.7947236819982645,14.47326508288738,17.622672844558803,0.0799642517443513,0.003971044347589145,0.07246105495164137,0.08797518668232042,6.444804087247385,28.315283204353854,199.9901642502597,10000
1.0,100,0.6,quadratic,0.3,15.99620962721534,0.7978719079579002,14.460488711253884,17.586834603943235,0.7203333356345615,0.03601120570472143,0.6525058352750538,0.7924984174586936,6.830683852266873,27.048678931591983,22.20667687567706,10000
1.0,100,0.6,l1,0.01,9.026988383466433,0.23944702128084205,8.564981483827559,9.493938132585631,0.06383516368392371,0.001720829491855896,0.0604873285201255,0.06723884560625312,3.649096451596928,52.93649278761767,141.41090681874127,10000
1.0,100,0.6,l1,0.1,9.026234699663505,0.24246592539696063,8.564054286127451,9.507829103096027,0.6383774735426062,0.01728795034721326,0.6048091056671069,0.6724272748259181,3.9935203639909655,48.79936646202614,14.139337733164986,10000
1.0,100,0.6,l1,0.3,9.024704130376637,0.2418421453236847,8.554582041216728,9.500293986491057,1.9151496810764337,0.05024265353586072,1.8182766364226655,2.015919916269557,4.758971460796515,40.705204278639776,4.712270909970958,10000
1.0,100,0.6,log_quadratic,0.01,2.721648900724777,0.04899237017777675,2.6234948469485753,2.814949823674104,0.0007997176267792249,3.9852467917231834e-05,0.000723822356512602,0.0008783303531908261,1.0891393908659783,78.53999569533318,3403.2623635994114,10000
1.0,100,0.6,log_quadratic,0.1,2.7208813436932346,0.048980861456615114,2.622971606256615,2.8153617257068464,0.07626866259944463,0.0035857772905570845,0.06937929174974845,0.08344717511109027,1.1341137350369608,76.15352131233745,35.67495811461951,10000
1.0,100,0.6,log_quadratic,0.3,2.720675044065247,0.048403084920502354,2.6252787824707298,2.8150072831984954,0.5218421964146815,0.020137684435571394,0.4829727473537767,0.5615748822341815,1.401375335474908,59.31553227943048,5.21359725748062,10000
1.0,100,0.8,quadratic,0.01,16.00498904090821,0.8073425083055681,14.460619490361088,17.625688318033458,0.0007998428772619409,3.969764025549999e-05,0.0007244604224236296,0.0008790858753682618,3.201637682483451,28.034373464097246,20010.166366295878,10000
1.0,100,0.8,quadratic,0.1,15.989553470873771,0.7938803013454505,14.473160394018919,17.594731572226205,0.08004643085792042,0.003992169949124395,0.07229793243711602,0.08824622576525476,3.2619478388610896,28.340741186360447,199.75348431530523,10000
1.0,100,0.8,quadratic,0.3,16.003770496681465,0.8035680066695567,14.457323659351571,17.60341748870377,0.7202311248489852,0.03605413314952672,0.6515138586191989,0.7924703941354516,3.77693899921548,26.870738428616328,22.22032614882766,10000
1.0,100,0.8,l1,0.01,9.030564945494598,0.2408701207748978,8.557802767484665,9.501329279926352,0.06380399375014392,0.0017054538814345052,0.0605901012602189,0.06715166303925907,1.857156184099034,52.644956794719356,141.53604523344166,10000
1.0,100,0.8,l1,0.1,9.029978257946434,0.24163876534768197,8.559680680332425,9.502027224001816,0.6382858546908038,0.017045998121657073,0.6052591036242304,0.6716194732563977,2.31662433534193,48.99141955576975,14.147232296602757,10000
1.0,100,0.8,l1,0.3,9.026930860657977,0.24174838347531388,8.55819749111206,9.494949630584262,1.915516669489385,0.050550095157045394,1.8183543556250834,2.01615127046167,3.3377995077231026,40.72064259984929,4.7125305691358275,10000
1.0,100,0.8,log_quadratic,0.01,2.7212500904229886,0.04906294280806012,2.627897196434043,2.816851962516247,0.0007995225846098422,3.967614688626695e-05,0.0007233564292076008,0.0008783865316109194,0.5448896361522855,78.41553340701603,3403.5937730901337,10000
1.0,100,0.8,log_quadratic,0.1,2.7214085583853156,0.048426548618939434,2.62567859119095,2.814998281024113,0.07632568529673599,0.003644915011343133,0.06927000336991904,0.08353458744241886,0.6053422599144518,77.02719331405983,35.65521289203144,10000
1.0,100,0.8,log_quadratic,0.3,2.720350865473182,0.049087760918590045,2.624071117888695,2.8146741973561307,0.5218339109967323,0.01991323297423466,0.48346511289568017,0.5611001403840187,0.961537301892022,58.69346561148914,5.2130588069241375,10000
1.0,100,1.0,quadratic,0.01,15.995790893037245,0.7982945338468493,14.49858936683394,17.61355993914834,0.0008003698760674688,4.008668728960545e-05,0.0007241697098059724,0.0008820404306797051,0.0008003698760674688,28.33582285771199,19985.498419344367,10000
1.0,100,1.0,quadratic,0.1,15.992382424789179,0.7947568419971766,14.442829344859184,17.60721544975362,0.08004333227047612,0.004028913453388437,0.07236779742255939,0.0882110569630918,0.08004333227047612,28.314517621065068,199.79655982773156,10000
1.0,100,1.0,quadratic,0.3,15.992219431130989,0.8071098436618356,14.434574081123527,17.58832401656025,0.7203775042295547,0.03590866525999758,0.6516265768184331,0.792653599697369,0.7203775042295547,26.732795605319836,22.199776280125104,10000
1.0,100,1.0,l1,0.01,9.02764000582951,0.2390110462280316,8.563929828268341,9.495608827301096,0.06381667876241598,0.001705543010331752,0.060512583640731483,0.06716438593663973,0.06381667876241598,53.03703733011449,141.46207826700976,10000
1.0,100,1.0,l1,0.1,9.02569752000687,0.24344377990815394,8.554151853035602,9.512744718498853,0.6383806151328878,0.016917451541751442,0.6051803054278547,0.6717075608381013,0.6383806151328878,48.60637696926882,14.138426678460538,10000
1.0,100,1.0,l1,0.3,9.027641800835859,0.23902951054539226,8.560558443669754,9.50231209275368,1.9152470005003113,0.05086907259961668,1.8155895731964635,2.0163750424987397,1.9152470005003113,41.15862752241767,4.713565299137714,10000
1.0,100,1.0,log_quadratic,0.01,2.721199172321617,0.048275174294166896,2.625232338581831,2.814216065036061,0.0007993832588605382,3.998506932199065e-05,0.0007239014558731319,0.0008790516737680421,0.0007993832588605382,79.69365234511008,3404.1232940010345,10000
1.0,100,1.0,log_quadratic,0.1,2.720596872867773,0.04849163598790924,2.6244350241615177,2.815142827635657,0.07629816692195122,0.0036478807771059634,0.06927726395074081,0.08357394981016497,0.07629816692195122,76.90122879042524,35.6574342821472,10000
1.0,100,1.0,log_quadratic,0.3,2.721013248558858,0.048929908144156875,2.624120947603356,2.815362933696984,0.5218063599913674,0.02002215493513132,0.48318309353986055,0.5621051822529005,0.5218063599913674,58.82858780158383,5.214603456738001,10000
1.0,500,0.0,quadratic,0.01,15.98774082880562,0.3554897811471393,15.306089658579042,16.695279586092035,0.0008001356019940813,1.8053530644588794e-05,0.0007655044733511515,0.0008364144404625877,15.98774082880562,63.59943244238975,19981.289157689404,10000
1.0,500,0.0,quadratic,0.1,15.998850552267575,0.35807476415538486,15.314145537901066,16.714439667014688,0.08001497338990196,0.001775616247598254,0.07655791423348926,0.08352329420575329,15.998850552267575,62.87054728123143,199.9482081223395,10000
1.0,500,0.0,quadratic,0.3,16.000414447910384,0.3577272325925262,15.305196376761058,16.704114068037065,0.7201745375905477,0.0159871246377876,0.6886482653620276,0.7518249495695907,16.000414447910384,60.34758553541195,22.217412047699128,10000
1.0,500,0.0,l1,0.01,9.026879149834524,0.10841938990914243,8.817869730138097,9.241258420277855,0.06383941206982215,0.0007670635444104676,0.06233507981494856,0.06534863322612514,9.026879149834524,116.9102237056199,141.39978513526546,10000
1.0,500,0.0,l1,0.1,9.026756434869347,0.10827913375008603,8.82085741206028,9.240295737049626,0.6383210974135491,0.007554094103928846,0.6234682150118365,0.6534487268775835,9.026756434869347,109.29413583028465,14.141403866244422,10000
1.0,500,0.0,l1,0.3,9.026032123390788,0.10712924543019699,8.81770582204115,9.240783777484078,1.9146822964267889,0.02300245662354064,1.8701914865835259,1.9606386684065147,9.026032123390788,91.78499777607668,4.714114785641104,10000
1.0,500,0.0,log_quadratic,0.01,2.721090447108971,0.02180683422790532,2.67881622420759,2.76379452603749,0.0007997484988402334,1.7735644773063827e-05,0.0007652981403277322,0.0008353410991079976,2.721090447108971,176.41582849712134,3402.4327035999427,10000
1.0,500,0.0,log_quadratic,0.1,2.7213054798565985,0.0217996445365162,2.6783228395892023,2.764320712954228,0.07629630002785269,0.0016372354458797777,0.07312627850594804,0.07951539597143241,2.7213054798565985,171.10841773863643,35.667594350750434,10000
1.0,500,0.0,log_quadratic,0.3,2.721171544653231,0.021725557427336274,2.678101577021451,2.763461432323156,0.5218948507174603,0.008946229935085504,0.5042215903794688,0.5395868234466636,2.721171544653231,132.37671874469058,5.214022596529505,10000
1.0,500,0.2,quadratic,0.01,16.00211837876391,0.35874156242866606,15.309034861348731,16.715967982884003,0.0008001209128076685,1.7821753392955475e-05,0.0007658667030836582,0.0008354289414792197,12.801854727193692,63.07961953161458,19999.62520990933,10000
1.0,500,0.2,quadratic,0.1,16.000889234016825,0.36039512054690376,15.304966524822833,16.726915496113058,0.07996265568092235,0.001795217000340977,0.07651113613824745,0.08351428760396422,12.816703918349647,62.47396170633934,200.1045250155986,10000
1.0,500,0.2,quadratic,0.3,16.00535808314288,0.3585197612905777,15.320288376450263,16.71310182359534,0.7202807104538084,0.016265170332146296,0.6888292843820183,0.7526128914276466,12.948342608605067,60.23141471578044,22.221000577759195,10000
1.0,500,0.2,l1,0.01,9.026444461835728,0.10774205135180534,8.81184443089143,9.237525791065412,0.06383198030368983,0.0007699375359140927,0.06231659115782264,0.06535245344349601,7.23392196552932,117.63953201730847,141.40943801040044,10000
1.0,500,0.2,l1,0.1,9.025275933921646,0.10607195659363115,8.820267409836534,9.23565757633757,0.6382115499724623,0.007669172244366373,0.6232347876536173,0.6532300940872473,7.347863057131808,111.53013033076151,14.141511438191726,10000
1.0,500,0.2,l1,0.3,9.028509979818866,0.10811050072459585,8.820628437314635,9.240616880121845,1.9151242264624646,0.02297565314401904,1.870308160359773,1.9608838415523049,7.605832829147586,91.01879780097485,4.714320802309489,10000
1.0,500,0.2,log_quadratic,0.01,2.7213888081806057,0.021902990590808472,2.679047730323888,2.764608967096094,0.0007994674113838244,1.79261185805066e-05,0.000764699595676995,0.0008345142452006505,2.1772709400267614,175.66062674527697,3404.002176236383,10000
1.0,500,0.2,log_quadratic,0.1,2.7210175672334027,0.021885473364410407,2.6778321204580724,2.763149504283188,0.07630802567256333,0.0016441992982833132,0.07318031593557223,0.07960985391266442,2.1920756589212345,170.4177683702947,35.658340564454534,10000
1.0,500,0.2,log_quadratic,0.3,2.7212961393146196,0.021686461890700188,2.6789693863696162,2.7639447203104384,0.521878592519115,0.008911026327551254,0.504792940772543,0.5394471363345762,2.281412629955519,132.6649665636976,5.214423772737806,10000
1.0,500,0.4,quadratic,0.01,16.002407217711674,0.3580619361240189,15.312019045935765,16.714258809173344,0.0007999839305076526,1.7893031021295267e-05,0.000764959482717017,0.0008350635057800945,9.601764324199207,63.20049035786753,20003.41082796112,10000
1.0,500,0.4,quadratic,0.1,16.00180047799944,0.35451583099433964,15.317014332085206,16.711225778612366,0.07997237116507606,0.0018082904724281647,0.07651643209237295,0.08356198005923947,9.633069235265694,63.51358773752687,200.09160970066904,10000
1.0,500,0.4,quadratic,0.3,16.004223505427788,0.36260365679996487,15.289237902507647,16.725122808354847,0.7202556217549708,0.01608271800397493,0.6884959405044069,0.751480404588408,9.89063635195866,59.55142749753131,22.220199359821706,10000
1.0,500,0.4,l1,0.01,9.027212190656861,0.10776996030740925,8.813684454576057,9.23670012799753,0.06383481221010107,0.0007666480433550449,0.062340933473845436,0.06534494426100866,5.441861239278156,117.61913142728336,141.41519146238542,10000
1.0,500,0.4,l1,0.1,9.026962500342725,0.10752292857028661,8.815909543163146,9.23797714747028,0.6384063087274177,0.0075906459987024645,0.6237965644071939,0.6532307949133305,5.671540023696601,110.05799933649517,14.139839122731782,10000
1.0,500,0.4,l1,0.3,9.02738314369962,0.10897151679155154,8.810219058569592,9.243591040098721,1.914790819109653,0.023174867887833503,1.8696061083683153,1.9610167165054897,6.182346213863633,90.2868239459115,4.714553179180799,10000
1.0,500,0.4,log_quadratic,0.01,2.72106524860219,0.02216154341048878,2.677630782703782,2.764271714405818,0.0007997297464657201,1.8096048855925372e-05,0.0007649832675958,0.0008362363500101869,1.6329590410599002,173.59057698492794,3402.480976389224,10000
1.0,500,0.4,log_quadratic,0.1,2.721334088018017,0.021761134800748202,2.6786970574550772,2.7642686735135524,0.07627438122531045,0.0016179155705709153,0.07320492126507949,0.07950885843767412,1.663310205300934,171.42411162191308,35.67821913860358,10000
1.0,500,0.4,log_quadratic,0.3,2.721087715487532,0.021777514268127632,2.6785051487607974,2.7632516716585096,0.5219058953671735,0.008985890718977265,0.5042508623713283,0.5397393748138966,1.841414987439389,132.01617780409913,5.213751635384729,10000
1.0,500,0.6,quadratic,0.01,16.001349223621418,0.3608157084630807,15.301598885495428,16.726877670575647,0.0007999950720137523,1.7928264525428056e-05,0.0007652609736369206,0.0008352376524352374,6.401019686491776,62.7139926720091,20001.809740330933,10000
1.0,500,0.6,quadratic,0.1,16.00256327357728,0.3552807533761227,15.31167027484463,16.699572444313507,0.07995568181554479,0.0017795624191330095,0.07649178467979781,0.08349113055034585,6.44899871852024,63.379974624228325,200.14291555282693,10000
1.0,500,0.6,quadratic,0.3,15.997456924980506,0.3622338978760985,15.295066366645399,16.715415000927223,0.71969868710838,0.01627266401713871,0.6884775799477135,0.7520253047173237,6.83080198225723,59.5864843191651,22.227992368939024,10000
1.0,500,0.6,l1,0.01,9.024517295623275,0.10819307609025143,8.815183131650825,9.239216789585106,0.06382204871594208,0.0007558590710389761,0.06233355850829518,0.06530719819977934,3.648100147478875,117.12420023454231,141.4012473305177,10000
1.0,500,0.6,l1,0.1,9.027091184036458,0.10746956056184154,8.817799216231547,9.241124075637913,0.6382249785220759,0.007589484698651318,0.6234103865994395,0.6529371152000166,3.9937714607278294,110.11653451953389,14.144058110887952,10000
1.0,500,0.6,l1,0.3,9.028973915801894,0.1069455482807233,8.819670253596499,9.237090246306716,1.91478673611672,0.022986302832848006,1.8688184531046963,1.95891657709562,4.7604616079907895,91.97522520501259,4.71539401516489,10000
1.0,500,0.6,log_quadratic,0.01,2.721442536175079,0.021492109711786455,2.6793703712312014,2.762819860880152,0.0007996921339273098,1.8048545272603122e-05,0.00076432754823095,0.000835641851102379,1.0890568297503882,179.0223809256869,3403.112798934261,10000
1.0,500,0.6,log_quadratic,0.1,2.7210461257193623,0.02183488480336307,2.6785819543716918,2.764377620597398,0.07629827948374059,0.0016216804890507334,0.07315877751236985,0.07948149913098271,1.1341974179779897,170.82595596808162,35.66326978971035,10000
1.0,500,0.6,log_quadratic,0.3,2.721367019408334,0.021833909092893632,2.6783856620768165,2.76431297396855,0.5218128927908459,0.008970199866169105,0.504519856089517,0.5396969548387464,1.4016345434378408,131.78024327943976,5.215216137825705,10000
1.0,500,0.8,quadratic,0.01,15.999820932400931,0.3632596856028634,15.30192553821448,16.720397831330626,0.0007996699530242945,1.7929786016285375e-05,0.0007656313777251843,0.0008347002747084736,3.2006039224426046,62.28611024903129,20008.030653009726,10000
1.0,500,0.8,quadratic,0.1,16.001752068043483,0.36667513777963295,15.294366436883822,16.728346322656037,0.07997757808672894,0.0017942424806091288,0.07654570963997374,0.0835916727409308,3.2643324760780787,61.40727181365478,200.07797748877732,10000
1.0,500,0.8,quadratic,0.3,16.005638998795156,0.361776135888095,15.296305899865681,16.71903305856551,0.7201415185025423,0.015992696758767373,0.6888997220655114,0.7514452828722918,3.7772410145610644,59.694006715862386,22.22568562923185,10000
1.0,500,0.8,l1,0.01,9.027251245255698,0.10924201398805464,8.813196030722285,9.237070544949203,0.0638382961627281,0.0007507966627157137,0.06235487734416462,0.06529664993320816,1.8565208859813218,116.0348507409739,141.40808555172947,10000
1.0,500,0.8,l1,0.1,9.026392133981831,0.10866333945989255,8.814846336407104,9.241011511461492,0.6381874391474803,0.0074491514735278595,0.6238559618321582,0.6527756760142318,2.3158283781143503,108.91379392655774,14.143794722816379,10000
1.0,500,0.8,l1,0.3,9.028430051320253,0.10767112997130458,8.819218014458611,9.237996693610864,1.9152141131819433,0.023194600764648396,1.8699365930279714,1.9618635810903498,3.337857300809605,91.33381203273792,4.714057811698343,10000
1.0,500,0.8,log_quadratic,0.01,2.7209866187256657,0.021713077650353567,2.6792275642481482,2.763983979187009,0.0007998283358641159,1.7694872363985872e-05,0.0007654619800890532,0.0008347051279864326,0.5448371864138244,177.17082007806334,3401.9632672628127,10000
1.0,500,0.8,log_quadratic,0.1,2.721170173371213,0.021838255799201328,2.6778956804958804,2.764635595808045,0.07628941666581265,0.00161578095261831,0.07315732187750136,0.07944785245956162,0.6052655680068925,170.81171667128405,35.66903893486765,10000
1.0,500,0.8,log_quadratic,0.3,2.721016493156664,0.021802384935319653,2.6781070532752307,2.7634379694310556,0.5220231773215701,0.008913583390866084,0.504477740980579,0.5397972452911167,0.9618218404885888,132.0298904795207,5.21244383653199,10000
1.0,500,1.0,quadratic,0.01,16.006070623094264,0.36078587304842236,15.306808106383535,16.70706136166901,0.0007998584580938714,1.809148497745727e-05,0.0007648960224584141,0.0008355930392887058,0.0007998584580938714,62.73768638747841,20011.128795509707,10000
1.0,500,1.0,quadratic,0.1,15.997276205603018,0.35509012319872996,15.301196070459167,16.692108003520797,0.07999938790455312,0.0017841661316246895,0.07655392287587638,0.08353791029107839,0.07999938790455312,63.392764643977934,199.96748255985773,10000
1.0,500,1.0,quadratic,0.3,16.008164278719526,0.36260752739617447,15.309367828100465,16.724566608785317,0.7201415442842565,0.016141097272399957,0.6885177258485211,0.7524243371966612,0.7201415442842565,59.566166672036246,22.229191477392025,10000
1.0,500,1.0,l1,0.01,9.026489627197545,0.10838873564555655,8.816193987528852,9.241415525332261,0.063839136597018,0.0007615473078849278,0.062344095200044664,0.06534667757990613,0.063839136597018,116.93824968937808,141.39429366310046,10000
1.0,500,1.0,l1,0.1,9.024989899317973,0.10757703251831081,8.814831016479577,9.236232028400709,0.6381488293256911,0.007659453669232276,0.6232867752685628,0.6533382611781731,0.6381488293256911,109.97546974726973,14.142453115293426,10000
1.0,500,1.0,l1,0.3,9.02773141741396,0.10854290044509829,8.814519114098482,9.24299498955611,1.9149704742304776,0.023162183267502846,1.870509994878538,1.9615348660029108,1.9149704742304776,90.63214629278275,4.714292747015702,10000
1.0,500,1.0,log_quadratic,0.01,2.7214358955433258,0.021731158498180275,2.6785536631052946,2.7641363355196185,0.0007996358958619572,1.779511720864633e-05,0.000765066077441608,0.0008346868995006428,0.0007996358958619572,177.0526595255001,3403.3438338955366,10000
1.0,500,1.0,log_quadratic,0.1,2.721225140304356,0.0218444905738751,2.678171645429732,2.764329251515542,0.07630156112610578,0.0016277135909302655,0.07315202216245091,0.07956468597392101,0.07630156112610578,170.7591071335601,35.664082099275916,10000
1.0,500,1.0,log_quadratic,0.3,2.7212882563684433,0.022002091634662952,2.678301537853295,2.7636916756380283,0.5220424000967743,0.009001585548444215,0.5044027106264327,0.5393974066559863,0.5220424000967743,130.8332769063809,5.2127724795227,10000
1.0,1000,0.0,quadratic,0.01,15.996698219824838,0.2500325332738021,15.510395028721149,16.487888702487794,0.0008002082640321447,1.2675763180953312e-05,0.0007754295100327984,0.0008254685865496805,15.996698219824838,90.4746897734452,19990.66860322033,10000
1.0,1000,0.0,quadratic,0.1,15.997158006845034,0.25447994037846466,15.50027655270834,16.497994795495806,0.08000734211131323,0.0012595440577092346,0.07754947061098957,0.08246042695464921,15.997158006845034,88.45480942398095,199.94612475175572,10000
1.0,1000,0.0,quadratic,0.3,15.998396880573642,0.2537678633243178,15.503355396488464,16.493295850789618,0.7201092572363645,0.01124626424323327,0.6981665787414767,0.7427354518731093,15.998396880573642,85.06031676918116,22.216624379989632,10000
1.0,1000,0.0,l1,0.01,9.026971749949801,0.07808600835534621,8.87283371297258,9.178640000663442,0.06382845591008737,0.0005380662898358862,0.0627857351496154,0.06488699749365197,9.026971749949801,162.32738940256883,141.42550718547446,10000
1.0,1000,0.0,l1,0.1,9.02648853888812,0.07636623165220001,8.876281071024763,9.177878955934661,0.6382987186487505,0.005451614315738243,0.6277049531800233,0.6487255125364595,9.02648853888812,154.9451792774131,14.141479960976246,10000
1.0,1000,0.0,l1,0.3,9.02745676760724,0.07631216674001139,8.880191603689452,9.17954152370796,1.914815776226992,0.016287882524193137,1.8824333598829128,1.9465059813194723,9.02745676760724,128.90760424295186,4.714530180754621,10000
1.0,1000,0.0,log_quadratic,0.01,2.7210708524544294,0.01564139918444855,2.690662033715591,2.7516369827555227,0.0007996115820948338,1.2725674652503923e-05,0.0007745831640901243,0.0008245021972937747,2.7210708524544294,245.95262633335292,3402.990793762303,10000
1.0,1000,0.0,log_quadratic,0.1,2.721335556609517,0.015298634862081797,2.691334896448774,2.751230244401427,0.07630456143114872,0.001147176482477934,0.07405781831277686,0.07856092683176596,2.721335556609517,243.82347777154342,35.6641268302818,10000
1.0,1000,0.0,log_quadratic,0.3,2.721081166211066,0.015388733134013434,2.6910581788001062,2.7516094478335624,0.5218885553931748,0.006308409721478563,0.5098657030088798,0.5343389058713202,2.721081166211066,187.00146191518522,5.213912315362208,10000
1.0,1000,0.2,quadratic,0.01,16.00022216612229,0.2535275897079263,15.507221183504965,16.505756682067446,0.000799859042912211,1.2767901052547532e-05,0.0007751478949435592,0.0008250346094377831,12.800337704706411,89.24709146716494,20003.80230479985,10000
1.0,1000,0.2,quadratic,0.1,16.001528699305073,0.25245705491661985,15.505436122827785,16.4931167785787,0.0799770367064179,0.0012748072560982084,0.07753767781206453,0.08246101726196355,12.81721836678534,89.18818783034416,200.076538945097,10000
1.0,1000,0.2,quadratic,0.3,16.000999061274253,0.25356611137753504,15.503148645200836,16.503697565111676,0.7200777517054183,0.011460604813941927,0.698129287757987,0.7428662147363554,12.944814799360486,85.13932129735227,22.22121017262066,10000
1.0,1000,0.2,l1,0.01,9.028492471791399,0.0766721841862738,8.876639193178228,9.179184687132755,0.06383346954839683,0.0005381005185518639,0.06277030982085019,0.0648735526283059,7.235560671342799,165.34849323107778,141.43822254477703,10000
1.0,1000,0.2,l1,0.1,9.026379822663772,0.07613392691663791,8.874984369215458,9.173454181927367,0.6383561188020728,0.005338669114556606,0.6277176340495195,0.6489653093366622,7.348775081891434,155.4287293477332,14.140038070916448,10000
1.0,1000,0.2,l1,0.3,9.028418464331441,0.07543565133170785,8.876845766738786,9.177732587539076,1.9150934890476259,0.01624011434695282,1.8835005656943633,1.9471866922155596,7.605753469274679,130.36861889970766,4.714348681129539,10000
1.0,1000,0.2,log_quadratic,0.01,2.7210187726783936,0.015285915972423276,2.6911774116988276,2.7505270962144315,0.0007995191659524707,1.2602379647220557e-05,0.0007749663930607986,0.0008242205503998677,2.176974921975906,251.6675912963723,3403.3190054135002,10000
1.0,1000,0.2,log_quadratic,0.1,2.7212237846009155,0.015511889949559175,2.690968141094056,2.7513584146587666,0.07627905121547936,0.0011568025454420658,0.07403121342935544,0.07852262712739257,2.192234837923828,240.4709251070459,35.67458877947732,10000
1.0,1000,0.2,log_quadratic,0.3,2.7212241498665244,0.015378384414579721,2.690970137334673,2.751312629391,0.5219299623144842,0.006286721522739076,0.5096452861948813,0.5342428342158905,2.281365312356116,187.21039366726288,5.213772625352509,10000
1.0,1000,0.4,quadratic,0.01,16.001882030625524,0.2553013834076146,15.506406863589028,16.504336830862265,0.0007999909762704111,1.2777002189323043e-05,0.0007751379393596458,0.0008250561360715037,9.601449214765822,88.63621067281103,20002.578160602407,10000
1.0,1000,0.4,quadratic,0.1,16.002544860136755,0.2558123746466214,15.503105654350462,16.50354897106446,0.08000327462927753,0.0012583149055038672,0.07753423400363348,0.08245850178235575,9.633528225933762,88.02389594128789,200.02362321154985,10000
1.0,1000,0.4,quadratic,0.3,15.993398341997525,0.2519599259491377,15.500223197769586,16.498746461497312,0.7197106147114104,0.011275935547607923,0.69801618941757,0.7418463343374986,9.883923251083077,85.64321472904636,22.22198480205903,10000
1.0,1000,0.4,l1,0.01,9.02688685521822,0.07539473452865274,8.879483475837146,9.17572231559913,0.06383220572686374,0.0005420414412569302,0.06279357060922053,0.06489004571696133,5.441664995421679,168.11977590412943,141.41586919060924,10000
1.0,1000,0.4,l1,0.1,9.02660254529536,0.07553905851464926,8.881013617940688,9.175233590676719,0.6383745933931889,0.005388338640586364,0.6278019009091733,0.6490123195041114,5.671311364534492,156.64320513208233,14.139977747729189,10000
1.0,1000,0.4,l1,0.3,9.02616422973178,0.07559860222045964,8.878621798786245,9.176156914045231,1.9149059504694186,0.016017602262359813,1.8833392089829015,1.9463546665491271,6.181660918026835,130.14036311903567,4.713633182621378,10000
1.0,1000,0.4,log_quadratic,0.01,2.721004245604058,0.015308180338030686,2.690484735044156,2.750588436810062,0.0007996663305405592,1.269714735469073e-05,0.0007746263136083813,0.0008245162787842875,1.632922413894651,251.30020683134808,3402.674517713796,10000
1.0,1000,0.4,log_quadratic,0.1,2.7214189992966458,0.015444531770103296,2.691107054510361,2.7514303264145976,0.0762848221653775,0.0011480257547842642,0.07407325069575399,0.07855232839021517,1.663365328444138,241.5413353716721,35.674449019451,10000
1.0,1000,0.4,log_quadratic,0.3,2.7210917521155733,0.015531052180580348,2.6901767950335267,2.7513664590894105,0.5218099425560416,0.00627314492242447,0.5094318274586594,0.5340135146668756,1.8413790282917606,185.68568094725404,5.214718099824884,10000
1.0,1000,0.6,quadratic,0.01,15.995916278556233,0.2527115549918946,15.506496939917835,16.49389627529495,0.0008001803186604496,1.259997526507384e-05,0.0007755757958091674,0.0008252051675625257,6.398846619613691,89.51118238526449,19990.38954786387,10000
1.0,1000,0.6,quadratic,0.1,16.004686749895725,0.25131119528356155,15.517671216878142,16.499282339028866,0.07997582771447652,0.00126647969525364,0.07749917064595528,0.08242949163674998,6.449860196586975,89.61262615941818,200.11905105920772,10000
1.0,1000,0.6,quadratic,0.3,15.998237105166163,0.25256254448528437,15.506922504277913,16.49782620670274,0.7199646537618247,0.011343635202519213,0.6979424698446047,0.7424811254659538,6.831273634323559,85.46389817098115,22.220864623805024,10000
1.0,1000,0.6,l1,0.01,9.027441313701356,0.07606813023506515,8.87858782560041,9.177946791937678,0.0638375593716112,0.0005502684090769359,0.06275841871770535,0.06490585855023938,3.649279061103509,166.64164476017962,141.4126950115811,10000
1.0,1000,0.6,l1,0.1,9.027464344856021,0.07628024135686391,8.87754669962038,9.173617897227667,0.6383100295595552,0.005422151583010803,0.6278841814868716,0.6489314583197269,3.993971755678142,155.14104627827118,14.142758106253048,10000
1.0,1000,0.6,l1,0.3,9.02701082185425,0.07652339146067536,8.877790191964342,9.175734427643565,1.9148318665293886,0.01614937565581309,1.8836822521934389,1.9468836813083765,4.759703448659333,128.60608132975347,4.714257674338586,10000
1.0,1000,0.6,log_quadratic,0.01,2.721181067255438,0.015375439847086536,2.6915420699159203,2.7515546985062325,0.000799489304465187,1.262283655621457e-05,0.0007753493702469617,0.0008245544434221679,1.0889521204848545,250.2171816954217,3403.6491195785966,10000
1.0,1000,0.6,log_quadratic,0.1,2.7210400341845933,0.01535868938680259,2.690932586902079,2.751007800844579,0.07629113511869177,0.0011425944763107181,0.07408213235358481,0.07853963360577784,1.1341906947450522,242.85486300976336,35.66652966889625,10000
1.0,1000,0.6,log_quadratic,0.3,2.721101037756954,0.01546131241775601,2.6905372038320525,2.7512700664062937,0.5218716296966187,0.006314637502716908,0.5096582843718167,0.5341300993654097,1.4015633929207527,186.2260311686261,5.214119493981346,10000
1.0,1000,0.8,quadratic,0.01,15.997276852219091,0.2515849310011397,15.509454468088961,16.49746963835854,0.0008001599554448389,1.256422071821555e-05,0.0007756161965623006,0.0008246631146857986,3.200095498408174,89.91967114306757,19992.59865900888,10000
1.0,1000,0.8,quadratic,0.1,15.995832948987372,0.2547719956698943,15.498628901774376,16.515289556925477,0.07996983236393392,0.001260741308393346,0.07752903960800438,0.08245627855557294,3.263142455688621,88.34626361532253,200.02333975382234,10000
1.0,1000,0.8,quadratic,0.3,15.996951288367855,0.25074724479884647,15.518024027084875,16.498233653343657,0.7201142273651663,0.011250753917699178,0.6979828605236196,0.7426243776578095,3.7754816395657036,86.07470626426631,22.214463595448283,10000
1.0,1000,0.8,l1,0.01,9.027279413614437,0.07674411897641004,8.878405662258025,9.178442498699862,0.06383141033975827,0.0005435839940600527,0.06274852886412166,0.06487373705606408,1.8565210109946937,165.17111578568935,141.42378126324544,10000
1.0,1000,0.8,l1,0.1,9.02710858114782,0.07644193232174994,8.876421904328366,9.174978098558773,0.638334014301204,0.005361184134215078,0.628026142817599,0.6488490709547424,2.3160889276705268,154.8161922837523,14.141669375131078,10000
1.0,1000,0.8,l1,0.3,9.027525458003069,0.07627123082511823,8.878798868156982,9.175764238956232,1.9148420241786035,0.01640022325116762,1.8831429622496985,1.9476004749019507,3.3373787109434963,128.93562881063997,4.714501428323072,10000
1.0,1000,0.8,log_quadratic,0.01,2.721088222993565,0.015433679992762203,2.690802947250642,2.7514420319696815,0.0007996678243346658,1.2634809381807915e-05,0.0007753979303211462,0.0008242287234724401,0.5448573788581806,249.26444509400613,3402.773176796936,10000
1.0,1000,0.8,log_quadratic,0.1,2.721446854237698,0.015476066731576024,2.691019552328879,2.7519963813115735,0.07628314850323355,0.0011579445655858418,0.07406180649879592,0.07858158288607262,0.6053158896501263,241.04309723002723,35.6755968734345,10000
1.0,1000,0.8,log_quadratic,0.3,2.721004508233938,0.01543467479467477,2.690812308000657,2.75160838683098,0.5219231378907762,0.006276958219856177,0.5096199859277755,0.5341444290408379,0.9617394119594084,186.64810174461206,5.213419966836894,10000
1.0,1000,1.0,quadratic,0.01,16.001356779102707,0.2515859236039939,15.50621669453108,16.494081358693503,0.000799890986509502,1.2619386399420041e-05,0.0007754828696221287,0.0008247748170499704,0.000799890986509502,89.94225195145663,20004.421913701146,10000
1.0,1000,1.0,quadratic,0.1,16.001221883935386,0.2543002067285002,15.499465073686132,16.504883014252933,0.08001776351205135,0.0012639424276768578,0.0775976842850343,0.08251524159020317,0.08001776351205135,88.53985994633594,199.97087123692813,10000
1.0,1000,1.0,quadratic,0.3,15.999566430222353,0.25539710197092597,15.49432268990257,16.485845488004742,0.719834858648939,0.011301903184782273,0.6974566035476288,0.7421044012534213,0.719834858648939,84.52592689722813,22.226718028426692,10000
1.0,1000,1.0,l1,0.01,9.027715300625504,0.07667898323324825,8.879093472716932,9.178178745156995,0.06382885721551784,0.0005369354034273656,0.06278469300098176,0.06488901228294175,0.06382885721551784,165.3196020952789,141.43626714392622,10000
1.0,1000,1.0,l1,0.1,9.027498132949146,0.07639160731007355,8.880488565499299,9.17531178816926,0.6383542451187233,0.00536082301016203,0.6278578821967535,0.648733620710939,0.6383542451187233,154.92455337719565,14.141831439172432,10000
1.0,1000,1.0,l1,0.3,9.02745694754237,0.07726090359584721,8.877358251489836,9.18002729996738,1.914709718643981,0.01608007697947152,1.8832046657152461,1.94634160524191,1.914709718643981,127.46310186610229,4.714791417017363,10000
1.0,1000,1.0,log_quadratic,0.01,2.7212223667506934,0.015208694174435754,2.6916394793523817,2.750908984321389,0.0007997694760332399,1.264138080241056e-05,0.0007749626990593864,0.0008244979819366234,0.0007997694760332399,252.9643346971099,3402.508408107331,10000
1.0,1000,1.0,log_quadratic,0.1,2.720793316466099,0.015333675341278446,2.690530151516459,2.7500817730748146,0.07628250775825217,0.0011443337002802999,0.07408810924554138,0.07853834960924085,0.07628250775825217,243.22490570200472,35.66732920066811,10000
1.0,1000,1.0,log_quadratic,0.3,2.7208712806675104,0.015328158989232154,2.690283153209477,2.7506750503285406,0.5218354382277632,0.006301093053389114,0.5093631155277667,0.53429291489003,0.5218354382277632,187.65173202507378,5.214040828480383,10000
1.0,5000,0.0,quadratic,0.01,15.999935968524989,0.11386103092848064,15.779329066445156,16.224785232880134,0.0008001248814699975,5.65851552045582e-06,0.0007891917011028666,0.0008112742588874388,15.999935968524989,198.7176357344041,19996.798423678247,10000
1.0,5000,0.0,quadratic,0.1,15.99976231978558,0.11372172807311744,15.775955640128123,16.225636596471958,0.07999193086664069,0.0005620633120692027,0.07889318412333257,0.08110074189528613,15.99976231978558,197.9716681910949,200.01720356594137,10000
1.0,5000,0.0,quadratic,0.3,15.998513842538369,0.11240847128981185,15.775955475778122,16.216752980336956,0.7200088942606073,0.005137942273244397,0.7100102393714778,0.7300422080491762,15.998513842538369,192.01874383470457,22.21988362930931,10000
1.0,5000,0.0,l1,0.01,9.026815072276465,0.03433998872879072,8.960439895624164,9.09436179381688,0.0638328276720989,0.00024040485903401203,0.06336358384496081,0.06431480063288508,9.026815072276465,369.11079223765597,141.4133667812127,10000
1.0,5000,0.0,l1,0.1,9.027189259322242,0.03432458027661973,8.96043264265488,9.095660895510658,0.6383249499812594,0.002395791959171849,0.6336484324916777,0.6430372485166029,9.027189259322242,344.79233852591926,14.141996579621823,10000
1.0,5000,0.0,l1,0.3,9.02690828498694,0.03412242713716724,8.96001219681224,9.093665576000264,1.9148765959308207,0.007209698550693868,1.9005626942223202,1.9289231623323562,9.02690828498694,288.39305323709794,4.714094006981668,10000
1.0,5000,0.0,log_quadratic,0.01,2.7211073096803537,0.006898803450711817,2.7073012591729824,2.7345174356220916,0.0007995940994026029,5.617083240736217e-06,0.000788624671881142,0.0008105500799642717,2.7211073096803537,557.6466727153465,3403.110792980291,10000
1.0,5000,0.0,log_quadratic,0.1,2.72095853290641,0.006930727768706236,2.7076214747140086,2.7346341873372104,0.0762966151567731,0.0005157131807652948,0.07529351321111302,0.0773027415049953,2.72095853290641,538.1549438513082,35.66289968847801,10000
1.0,5000,0.0,log_quadratic,0.3,2.721092804913128,0.006923919572682125,2.7076015008571317,2.7349162964715803,0.521940950771956,0.002791370778176007,0.5165734385951636,0.5275154953954718,2.721092804913128,416.5971486527853,5.213411212300173,10000
1.0,5000,0.2,quadratic,0.01,16.001742611673418,0.11362919983805586,15.778537620033816,16.22228278320679,0.0007999676913226143,5.641098835447531e-06,0.0007889774716437751,0.0008110958043689464,12.801554082876995,199.14555503548797,20002.986102122675,10000
1.0,5000,0.2,quadratic,0.1,15.998305449836815,0.11302284253822206,15.783985623501994,16.22233448223152,0.08000105895899065,0.0005664236979845487,0.07890554942352045,0.08111187618326916,12.814644571661251,199.17742958131166,199.9761710409072,10000
1.0,5000,0.2,quadratic,0.3,16.00000611667799,0.11303278089363457,15.77822071244384,16.22387250302506,0.7200315689047118,0.005100271856602455,0.7098965027579118,0.7298763733902908,12.944011207123333,190.98161159255312,22.22125641104413,10000
1.0,5000,0.2,l1,0.01,9.02732309842577,0.034040835756189686,8.96057817143755,9.095141540963644,0.06383091057670544,0.0002422551389723371,0.06335961614559324,0.06431274514475041,7.234624660855957,372.3754410498653,141.425572921722,10000
1.0,5000,0.2,l1,0.1,9.027393873011908,0.03403141457179556,8.961034779284457,9.09359568544297,0.6383118413769975,0.0024225743812838953,0.6336169752337459,0.6430622112623288,7.349577466684926,347.7377351518087,14.142607559241847,10000
1.0,5000,0.2,l1,0.3,9.027338308224863,0.034010339607701515,8.96008193494069,9.093331574911469,1.9148518034915185,0.007294246456930329,1.9004548908500298,1.9291002824765562,7.604841007278196,289.17454305831086,4.714379615051421,10000
1.0,5000,0.2,log_quadratic,0.01,2.7211974465030204,0.006823809182979247,2.707779533739085,2.7345276623919887,0.0007995879003552805,5.604612211769184e-06,0.0007885169420735948,0.0008105495510768153,2.1771178747824877,563.7939376502057,3403.2499057250766,10000
1.0,5000,0.2,log_quadratic,0.1,2.721196399321551,0.006902641712174371,2.7075335560442424,2.734910887707659,0.07628577821586313,0.000513356177880131,0.07528203108779359,0.07729115409887993,2.192214275100414,540.3969955674897,35.67108395514403,10000
1.0,5000,0.2,log_quadratic,0.3,2.721103498513764,0.006940743572508298,2.707580806284452,2.734503890045768,0.5219239602539751,0.0028267066158374635,0.5164785727733119,0.5275325627469939,2.2812675908618063,414.9979273131884,5.213601416554317,10000
1.0,5000,0.4,quadratic,0.01,15.999379920616038,0.11407761543122762,15.779335482795636,16.225078660552516,0.0007999388637363173,5.673358206597254e-06,0.0007886877631752284,0.000811121092386512,9.59994792791512,198.33346511844638,20000.75336493451,10000
1.0,5000,0.4,quadratic,0.1,15.999303113430665,0.11173938794178714,15.784141521255778,16.220551637546617,0.07999474820903796,0.0005759902691189574,0.07887387870855085,0.08112118846266089,9.631579767342014,201.47776989930355,200.00441868536356,10000
1.0,5000,0.4,quadratic,0.3,16.001658894917313,0.11315434355523955,15.780346891105534,16.225573153376075,0.7200064739849887,0.005074040384895952,0.7099269133913841,0.7298851318900175,9.888997926544384,190.79978811617113,22.2243264096691,10000
1.0,5000,0.4,l1,0.01,9.026603901778834,0.03413803139008143,8.95886452567304,9.09248177677773,0.06382869403580514,0.00023797576912309773,0.06337166451630377,0.0642977813429138,5.441493818681623,371.28591705470205,141.41921651593404,10000
1.0,5000,0.4,l1,0.1,9.027193867523225,0.03395651481509418,8.961250064337667,9.094180933378013,0.6383250499608935,0.002393536570385429,0.6336131061292011,0.6429961770996565,5.6716463404982935,348.5130506713179,14.142001583795388,10000
1.0,5000,0.4,l1,0.3,9.027244721112778,0.03334232886368967,8.96114192508063,9.091380108612944,1.9149965116722618,0.007155700796294741,1.9012473623131654,1.9291026848558404,6.182345437336572,294.9496777340354,4.713974498694924,10000
1.0,5000,0.4,log_quadratic,0.01,2.721141159827389,0.006837326394023651,2.7077009943515167,2.7344675201600013,0.0007995877174817727,5.685298930095815e-06,0.0007883785920765199,0.0008107112084918982,1.6330045309834258,562.6676852748742,3403.1802894588855,10000
1.0,5000,0.4,log_quadratic,0.1,2.7210199512642643,0.00689280136135979,2.707555288058997,2.7344829776490958,0.07629743433280703,0.0005173890121918389,0.0752819934051589,0.07732623111206781,1.6631309444916813,541.1022010515853,35.6633217756086,10000
1.0,5000,0.4,log_quadratic,0.3,2.72108336614848,0.006825063994107746,2.7074991621652438,2.7343748273419886,0.5218998449078777,0.0028214658496901273,0.5164572151021102,0.5273866101778701,1.8414099576522391,421.1242706454871,5.213803745484515,10000
1.0,5000,0.6,quadratic,0.01,15.999196489206952,0.11280317809581268,15.780103991677265,16.218477841210202,0.0007998993718834446,5.663581548936949e-06,0.0007888939975015158,0.000810897128820249,6.40015853530591,200.571914612495,20001.511504547394,10000
1.0,5000,0.6,quadratic,0.1,16.00131504922906,0.1118656475716094,15.782700044174225,16.217975368337495,0.08000775166196035,0.0005649491770026975,0.07889723119469569,0.0811079052852425,6.4485306706887995,201.27574522026126,199.99705924540908,10000
1.0,5000,0.6,quadratic,0.3,15.999282357159618,0.11325158324293538,15.778669828215238,16.216737794973806,0.7200161548648517,0.005093264547717255,0.7102521001256034,0.7300724210043447,6.831722635782759,190.6050754414961,22.220726922665662,10000
1.0,5000,0.6,l1,0.01,9.02687649897084,0.03415881924784111,8.958682370208878,9.092804690591041,0.06383287987805143,0.00024064680403795204,0.06337501527846678,0.06430375569431933,3.649050327515167,371.0708854469474,141.4142134306975,10000
1.0,5000,0.6,l1,0.1,9.027249168976768,0.034147052804137754,8.961277772315185,9.094223659770764,0.6383305235629707,0.0024355851457487704,0.6336145073987659,0.6431178459111266,3.9938979817284896,346.54994096837396,14.141966952464303,10000
1.0,5000,0.6,l1,0.3,9.027373447639611,0.03411615779966709,8.960264121612482,9.094741494556484,1.9148395449646705,0.00720744534229322,1.9005807188426393,1.9288681521414857,4.759853106034646,288.468006083058,4.714428146931846,10000
1.0,5000,0.6,log_quadratic,0.01,2.7210775982680904,0.006872573497750358,2.7077780943066023,2.7344812554735385,0.0007996343660578031,5.70452795938451e-06,0.0007884969853672564,0.0008108717992680978,1.088910819926871,559.7688647464436,3402.9022685493132,10000
1.0,5000,0.6,log_quadratic,0.1,2.7211472863931245,0.006856239953431456,2.707406599688173,2.734621144592398,0.07628567786686799,0.0005129139814939896,0.07529259071693666,0.0772933918630547,1.1342303212773708,544.0265110119358,35.670487075463996,10000
1.0,5000,0.6,log_quadratic,0.3,2.721130188387071,0.006905742216615084,2.707403370652107,2.7348301393307706,0.5219118838493588,0.0028514790764870993,0.5163462893966588,0.5275105369913833,1.4015992056644437,416.28198069098823,5.213773191592011,10000
1.0,5000,0.8,quadratic,0.01,16.001299545249584,0.11111409918655626,15.784760226419682,16.219795922348474,0.0008000085543678071,5.659976583440805e-06,0.0007887078150046144,0.0008109917393979926,3.2008999158934106,203.64763415118188,20001.41055728377,10000
1.0,5000,0.8,quadratic,0.1,15.999307092609532,0.11288169190263826,15.778153025467981,16.220708656507114,0.08000325412320393,0.0005702714574761323,0.07890355638516464,0.08111477542101363,3.263864021820469,199.4389676906774,199.98320403281116,10000
1.0,5000,0.8,quadratic,0.3,16.00104349927044,0.11331674915968314,15.782583380441736,16.224391021615656,0.719984162431279,0.0051407493297301364,0.709882602193764,0.7300151667020031,3.776196029799111,190.51444214113084,22.22416038324691,10000
1.0,5000,0.8,l1,0.01,9.027062787899908,0.03373164693107524,8.961551170166837,9.094241386010014,0.06383189255868162,0.0002363964649402528,0.06336976752983522,0.06430333982368,1.8564780716269267,375.778017850391,141.41931918439036,10000
1.0,5000,0.8,l1,0.1,9.027637904749941,0.03453489478666314,8.959224328878552,9.093919760294197,0.6383166299212084,0.0024415548512236743,0.6334633499286767,0.6431133322017905,2.3161808848869545,342.6896889675562,14.142883768928723,10000
1.0,5000,0.8,l1,0.3,9.026537216946355,0.034284220169461296,8.95783777508628,9.092932648348162,1.9149293516453596,0.007156381059193902,1.9009222149247742,1.9286727829084362,3.3372509247055584,287.16235451836326,4.713770358781387,10000
1.0,5000,0.8,log_quadratic,0.01,2.7211817625054917,0.00684711837442707,2.707849802120794,2.7346357343533767,0.0007996783997882879,5.653529193603451e-06,0.0007887702183391772,0.0008106491698898881,0.544876095220929,561.8713912028117,3402.845147781802,10000
1.0,5000,0.8,log_quadratic,0.1,2.7211759461550957,0.006773877937435633,2.70758365743375,2.7344659370898565,0.07629108833288155,0.0005127022139430954,0.07529716991417255,0.07731180498076373,0.6052680598973244,550.6098558535194,35.66833303362728,10000
1.0,5000,0.8,log_quadratic,0.3,2.721144156664528,0.00694564617415204,2.7075799476448323,2.734859061172157,0.5218800868526714,0.0027777425725548414,0.5164821919765223,0.5273462121223841,0.9617329008150424,415.77832875770696,5.214117620534382,10000
1.0,5000,1.0,quadratic,0.01,15.999699033919011,0.11242806853556343,15.78251293761116,16.223425667762665,0.0008000048709778412,5.6372700865771135e-06,0.0007889790431890641,0.000811228918280589,0.0008000048709778412,201.2474309679901,19999.50202098479,10000
1.0,5000,1.0,quadratic,0.1,15.998499324556843,0.11497394762371593,15.774107365979285,16.223552094752286,0.07999998045546292,0.0005684882144476348,0.07887755025648899,0.08111349887336942,0.07999998045546292,195.79985680506985,199.98129041373235,10000
1.0,5000,1.0,quadratic,0.3,16.001172506265632,0.11231650159088712,15.780531933007595,16.22078547686291,0.7200500020042545,0.00508988931354117,0.7101472407425838,0.730307220868463,0.7200500020042545,192.21230959065215,22.22230742549333,10000
1.0,5000,1.0,l1,0.01,9.026355348668822,0.03367362835354647,8.960581630469152,9.09214824624408,0.06383193109599292,0.0002409932873250637,0.06336450043334359,0.06431170840493336,0.06383193109599292,376.39536351608706,141.40815096279385,10000
1.0,5000,1.0,l1,0.1,9.02748258563043,0.034097967223505804,8.96184506979845,9.094407905120853,0.6383140461910645,0.002422940184265746,0.6335463880014799,0.6430367607504183,0.6383140461910645,347.06574596585085,14.142697688542269,10000
1.0,5000,1.0,l1,0.3,9.027160919832838,0.033926977680720595,8.960000241816426,9.092579583203928,1.9149889807950298,0.00726662409108149,1.9008273609214872,1.9293226973271365,1.9149889807950298,289.8893121351349,4.713949276138972,10000
1.0,5000,1.0,log_quadratic,0.01,2.721146329205379,0.006820521900203256,2.707819442222379,2.734432584592601,0.0007995809724234504,5.672283686084126e-06,0.0007884627215117637,0.0008106460954910938,0.0007995809724234504,564.0550666908707,3403.2154629166016,10000
1.0,5000,1.0,log_quadratic,0.1,2.721170482209131,0.006904755049405144,2.707785952128278,2.734734245876331,0.07628359883068188,0.0005186565737976775,0.0752622534686872,0.07728411217986195,0.07628359883068188,540.1968386470967,35.67176331374988,10000
1.0,5000,1.0,log_quadratic,0.3,2.7211666959876326,0.0068676195571242,2.7077711008876304,2.734715263546474,0.5219086601310405,0.0028511087739909527,0.5163297364096285,0.5273976443822614,0.5219086601310405,418.2693402798071,5.2138753461274305,10000
